severity,urgency,volume,confidence_score,opportunity_score,article_age,vulnerability_type,strategy,channel,content_type
67.48357076505616,87.66262297045675,50.0,0.8389388559063052,66.06845496106565,63.203793290181565,Layoffs,PROMOTIONAL_OFFER,CONTENT_MARKETING,COMPARISON_GUIDE
66.59451092344692,98.31833757415444,100.0,0.9763370252405913,87.66817509993092,8.140622011901048,Layoffs,PRODUCT_AWARENESS,CONTENT_MARKETING,COMPARISON_GUIDE
77.65262807032524,98.01321211790271,50.0,0.8934048034868771,74.32225453199263,9.632591459983841,Price Increase,PROMOTIONAL_OFFER,SOCIAL_ONLY,SOCIAL_CAMPAIGN
60.37958581126448,92.8306998935104,100.0,0.7120065733989573,80.87646923407696,35.70853588132101,Layoffs,PRODUCT_AWARENESS,CONTENT_MARKETING,CASE_STUDY
89.93584439832789,96.60385379567231,50.0,0.8751397866076219,78.54880629461803,16.58474457611531,System Outage,COMPETITOR_SWITCHING,LINKEDIN_EMAIL,COMPARISON_GUIDE
79.30189671961881,85.74489792723116,50.0,0.8554022563750339,69.59473169358996,73.82092852948378,Data Breach,COMPETITOR_SWITCHING,SOCIAL_ONLY,SOCIAL_CAMPAIGN
87.27808637737408,91.07076884745916,50.0,0.8588738071767893,76.03195750497555,44.89598499118129,Data Breach,COMPETITOR_SWITCHING,LINKEDIN_EMAIL,COMPARISON_GUIDE
79.73719910523319,98.97749039036245,50.0,0.8018634710216482,80.29268312821988,4.933311120120299,PR Crisis,PRODUCT_AWARENESS,CONTENT_MARKETING,CASE_STUDY
89.93251387631032,99.65067435226096,100.0,0.765383125683528,95.4093069485385,1.679698629286996,Data Breach,COMPETITOR_SWITCHING,SOCIAL_ONLY,COMPARISON_GUIDE
96.94674456628061,89.70662342942009,50.0,0.8667090876003805,76.77134460757873,52.140278331119056,System Outage,COMPETITOR_SWITCHING,LINKEDIN_EMAIL,COMPARISON_GUIDE
83.35906975550785,70.51951448450339,50.0,0.8657488988695299,69.93675887966188,167.65474237133887,Data Breach,COMPETITOR_SWITCHING,LINKEDIN_EMAIL,COMPARISON_GUIDE
69.40880519474305,77.49602525882307,100.0,0.8407481374089407,80.41012226436555,122.37289820493145,Layoffs,RETENTION_DEFENSE,CONTENT_MARKETING,CASE_STUDY
67.60739004816287,83.82358396559923,75.0,0.7924124633284233,71.99667501422222,84.69877753156483,PR Crisis,PRODUCT_AWARENESS,CONTENT_MARKETING,CASE_STUDY
75.59704366976447,92.47418067039484,100.0,0.8759267175515836,87.2109071081916,37.555539993971806,Price Increase,PROMOTIONAL_OFFER,LINKEDIN_EMAIL,COMPARISON_GUIDE
86.6153899984702,99.94464112492335,75.0,0.8989341031072694,88.29379392629116,0.2657961780449028,Data Breach,COMPETITOR_SWITCHING,LINKEDIN_EMAIL,COMPARISON_GUIDE
69.43874229796678,87.75983142569162,75.0,0.7828625981421888,75.98502159519177,62.67181962182395,Layoffs,PRODUCT_AWARENESS,CONTENT_MARKETING,CASE_STUDY
66.65631715701782,96.0614706539583,75.0,0.9280436101697888,77.6255038164533,19.28730246006245,Layoffs,RETENTION_DEFENSE,CONTENT_MARKETING,CASE_STUDY
87.9480834565685,96.14320172719144,100.0,0.9150020657915359,96.73467395792647,18.879082232838304,Data Breach,COMPETITOR_SWITCHING,LINKEDIN_EMAIL,COMPARISON_GUIDE
79.63994939209833,98.73435359564945,50.0,0.930282631831362,78.42221290304575,6.113874893544091,Price Increase,PROMOTIONAL_OFFER,LINKEDIN_EMAIL,COMPARISON_GUIDE
83.9779773194797,92.09138842986887,100.0,0.8471339168712039,94.34789476838057,39.54659975451978,Price Increase,PROMOTIONAL_OFFER,LINKEDIN_EMAIL,COMPARISON_GUIDE
61.901274479551276,99.7428534497241,75.0,0.9157522003500179,74.34586490955493,1.235893151525459,PR Crisis,PRODUCT_AWARENESS,CONTENT_MARKETING,CASE_STUDY
75.2124580866971,93.14211716336412,50.0,0.832426248972999,73.74184352671158,34.10098450244112,Product Defect,RELIABILITY_MESSAGING,WEBINAR_EVENT,WHITE_PAPER
97.38947022370758,97.43540740389331,50.0,0.8085383825381082,82.76208746722777,12.470647532034913,Data Breach,COMPETITOR_SWITCHING,LINKEDIN_EMAIL,WHITE_PAPER
67.86565602980139,98.25728053467945,50.0,0.9232321694161659,72.28094879164377,8.438801208003017,Product Defect,RELIABILITY_MESSAGING,WEBINAR_EVENT,WHITE_PAPER
67.3511989811648,80.0049770180628,100.0,0.8910613946490684,83.68569696498432,107.07904345130693,Product Defect,RELIABILITY_MESSAGING,CONTENT_MARKETING,WHITE_PAPER
70.87776646977416,79.73797296369776,50.0,0.7938357524898118,66.61717418382347,108.6836471657391,Product Defect,RELIABILITY_MESSAGING,CONTENT_MARKETING,WHITE_PAPER
88.0394592343392,84.33417778955818,50.0,0.7329188041494304,70.20568493547619,81.78382687866936,Data Breach,PRODUCT_AWARENESS,LINKEDIN_EMAIL,SOCIAL_CAMPAIGN
96.72758971944383,97.51960670141338,100.0,0.8225828386778584,96.34236335975831,12.056032237239576,System Outage,COMPETITOR_SWITCHING,CONTENT_MARKETING,COMPARISON_GUIDE
79.19357144166996,92.9465786891552,75.0,0.8823240685451631,80.17528856648002,35.10973467648729,Price Increase,PROMOTIONAL_OFFER,LINKEDIN_EMAIL,COMPARISON_GUIDE
77.01979369329646,69.9926594925752,100.0,0.6964983027760767,81.7526875741927,171.25431063800158,Product Defect,RELIABILITY_MESSAGING,WEBINAR_EVENT,WHITE_PAPER
65.30115104970513,99.47288328773493,100.0,1.0,86.91783360506957,2.536852194258839,Layoffs,PRODUCT_AWARENESS,CONTENT_MARKETING,CASE_STUDY
78.70485677630555,97.29855428666177,50.0,0.8472230584235805,73.33415292128169,13.145306502819698,Price Increase,COMPETITOR_SWITCHING,SOCIAL_ONLY,SOCIAL_CAMPAIGN
85.7141140725751,97.32314843459685,50.0,0.9101546426149419,76.87893447270972,13.023992272118678,Price Increase,COMPETITOR_SWITCHING,SOCIAL_ONLY,COMPARISON_GUIDE
96.9200785946634,90.47918382043103,50.0,0.8969485675040216,85.29269783561463,48.02417989112502,Data Breach,COMPETITOR_SWITCHING,LINKEDIN_EMAIL,COMPARISON_GUIDE
65.04731837434656,99.58456771932536,50.0,0.8046961816317783,74.30750757289316,1.9982284701285697,Product Defect,RELIABILITY_MESSAGING,CONTENT_MARKETING,WHITE_PAPER
84.3679470781769,99.83287034183445,75.0,0.7259469255147094,86.33416588343314,0.8028934828065897,Price Increase,PROMOTIONAL_OFFER,LINKEDIN_EMAIL,SOCIAL_CAMPAIGN
84.68848143136948,88.92105318675002,75.0,0.8878873944508145,84.29280496049627,56.36220132325052,Data Breach,COMPETITOR_SWITCHING,LINKEDIN_EMAIL,COMPARISON_GUIDE
94.19531311568468,98.53144587035119,75.0,0.787339736613101,89.09343597496787,7.101331845085389,System Outage,COMPETITOR_SWITCHING,LINKEDIN_EMAIL,CASE_STUDY
84.06758608684835,84.37083446954617,100.0,0.7515308546852836,91.6660578244374,81.57523548668263,Price Increase,PROMOTIONAL_OFFER,LINKEDIN_EMAIL,COMPARISON_GUIDE
92.69581358134667,97.26920866925727,50.0,0.8707906235398739,82.82273377687046,13.290098181019351,Price Increase,PROMOTIONAL_OFFER,SOCIAL_ONLY,COMPARISON_GUIDE
88.81524644560959,87.85815535190092,100.0,0.7443634709532578,93.11882687483642,62.13434062690167,System Outage,COMPETITOR_SWITCHING,LINKEDIN_EMAIL,COMPARISON_GUIDE
86.08535398490055,99.12493392463233,50.0,0.8734457978638945,77.74291893529718,4.218802857412035,Price Increase,PROMOTIONAL_OFFER,SOCIAL_ONLY,COMPARISON_GUIDE
100.0,89.98347458733545,50.0,0.887906633672943,83.46404450596071,50.66119114249194,System Outage,COMPETITOR_SWITCHING,LINKEDIN_EMAIL,COMPARISON_GUIDE
70.2275136901929,97.3281063313323,75.0,0.9426876463205923,78.14807273877342,12.999540434534683,PR Crisis,PRODUCT_AWARENESS,CONTENT_MARKETING,CASE_STUDY
74.8168806462216,89.83627591639315,100.0,0.8830224741549199,85.14235285344785,51.447037832148595,Product Defect,RELIABILITY_MESSAGING,CONTENT_MARKETING,WHITE_PAPER
95.72930926214154,95.51932234752203,100.0,0.7788388456299581,95.31589983918235,22.003982745936963,System Outage,COMPETITOR_SWITCHING,WEBINAR_EVENT,SOCIAL_CAMPAIGN
69.61449145292949,80.04305399628488,100.0,0.8772921579853314,84.27747672143053,106.85065013992909,Product Defect,RELIABILITY_MESSAGING,CONTENT_MARKETING,CASE_STUDY
97.68980001845998,93.25397207070286,100.0,0.8288274533409635,100.0,33.52489557066098,System Outage,RETENTION_DEFENSE,LINKEDIN_EMAIL,COMPARISON_GUIDE
73.12833673882503,96.7579451693355,50.0,0.7814273954866974,73.36267837527072,15.819713681580621,Product Defect,RELIABILITY_MESSAGING,LINKEDIN_EMAIL,WHITE_PAPER
69.31364091451091,98.06954099045873,100.0,0.8321229771739319,88.57431965112616,9.356811370791489,Product Defect,RELIABILITY_MESSAGING,CONTENT_MARKETING,WHITE_PAPER
67.36618812286773,71.7936935316169,75.0,0.8441736869874501,70.07965884394281,159.05930285424986,Layoffs,PRODUCT_AWARENESS,CONTENT_MARKETING,CASE_STUDY
93.88524897451803,95.25342703962693,75.0,0.8142788038346382,90.34292529034225,23.342012740737292,Data Breach,COMPETITOR_SWITCHING,LINKEDIN_EMAIL,SOCIAL_CAMPAIGN
71.07046872065102,75.94738811420453,100.0,0.7503408977030409,82.47255379972377,132.062086598738,Product Defect,RELIABILITY_MESSAGING,SOCIAL_ONLY,WHITE_PAPER
88.81468736151614,98.98292556831281,75.0,0.85465669747568,85.43481201943905,4.906953472767499,Price Increase,PROMOTIONAL_OFFER,LINKEDIN_EMAIL,COMPARISON_GUIDE
81.78893680174141,88.7446143787525,75.0,0.8948627621094587,79.92094284146876,57.31557241448031,Price Increase,PROMOTIONAL_OFFER,LINKEDIN_EMAIL,COMPARISON_GUIDE
71.91002302085971,96.58408514185618,100.0,0.8912028213766927,88.76680665272515,16.682980044820567,Layoffs,PRODUCT_AWARENESS,CONTENT_MARKETING,CASE_STUDY
82.57523843153024,85.20628449191788,75.0,1.0,83.75374337613164,76.8455967508074,Price Increase,COMPETITOR_SWITCHING,LINKEDIN_EMAIL,COMPARISON_GUIDE
94.94101305252056,85.31141253816715,100.0,0.8247784604287723,95.08776742344492,76.25373479780183,Data Breach,COMPETITOR_SWITCHING,LINKEDIN_EMAIL,COMPARISON_GUIDE
86.13587392731215,91.72810155773152,100.0,0.8310545114607992,91.89350775416507,41.44387327725286,Data Breach,COMPETITOR_SWITCHING,LINKEDIN_EMAIL,COMPARISON_GUIDE
92.32668629074968,92.47522098785117,100.0,0.904900815229961,91.44780907027592,37.55014011298205,System Outage,COMPETITOR_SWITCHING,LINKEDIN_EMAIL,CASE_STUDY
62.64034067105283,98.65030082275496,75.0,0.9371160477573892,80.27198679751339,6.522673982276544,Layoffs,PRODUCT_AWARENESS,CONTENT_MARKETING,CASE_STUDY
70.64275500035541,97.59813509908,50.0,0.791570669462629,72.96945970903012,11.66966416463536,Product Defect,RETENTION_DEFENSE,CONTENT_MARKETING,WHITE_PAPER
70.22785919951907,92.51577233555331,100.0,0.7978719721915346,88.57274636237702,37.33970124934763,Product Defect,RETENTION_DEFENSE,WEBINAR_EVENT,WHITE_PAPER
99.14382988802437,68.91090822248695,75.0,0.6879885930673915,83.20371305149469,178.73073641759964,System Outage,COMPETITOR_SWITCHING,LINKEDIN_EMAIL,SOCIAL_CAMPAIGN
66.69106767615806,94.38402601223792,100.0,0.9181946667836979,83.4479967186211,27.743204701118465,Product Defect,RELIABILITY_MESSAGING,CONTENT_MARKETING,WHITE_PAPER
88.30650865304077,98.1149286010139,75.0,0.8120043751071235,85.95042357637305,9.134713734821219,Price Increase,PROMOTIONAL_OFFER,LINKEDIN_EMAIL,COMPARISON_GUIDE
73.82727120140548,89.76823219922233,100.0,0.8823985368768764,87.2159706712497,51.81073678544632,Layoffs,PRODUCT_AWARENESS,CONTENT_MARKETING,CASE_STUDY
100.0,90.97339842525284,75.0,0.7284504027236789,88.82355138184334,45.40946265779688,System Outage,COMPETITOR_SWITCHING,LINKEDIN_EMAIL,COMPARISON_GUIDE
81.33455574593312,99.85512424917793,75.0,0.7933864427504975,84.51557565071329,0.6959078265986053,PR Crisis,PRODUCT_AWARENESS,CONTENT_MARKETING,CASE_STUDY
100.0,98.97571273649794,100.0,0.5906986127944742,97.64393853828079,4.941932085495036,System Outage,COMPETITOR_SWITCHING,LINKEDIN_EMAIL,COMPARISON_GUIDE
88.7371592430342,95.04367516477988,75.0,0.750177345442812,89.5941015503658,24.40015749999393,Data Breach,COMPETITOR_SWITCHING,LINKEDIN_EMAIL,COMPARISON_GUIDE
76.61631903575618,99.53744983335896,75.0,0.9653018631252892,80.13603826195127,2.225391552985667,Product Defect,RELIABILITY_MESSAGING,WEBINAR_EVENT,WHITE_PAPER
95.8158187607748,89.80787888346352,50.0,0.8508186448815669,79.86377611768589,51.59878867463989,Data Breach,RELIABILITY_MESSAGING,LINKEDIN_EMAIL,COMPARISON_GUIDE
75.3044830355858,91.5637497447229,100.0,0.8590813876200998,88.91517948669328,42.30467413474995,PR Crisis,PRODUCT_AWARENESS,SOCIAL_ONLY,CASE_STUDY
72.93008408072676,94.05451759671605,75.0,0.7509747600938521,81.26208593683747,29.42188675445238,Layoffs,PRODUCT_AWARENESS,CONTENT_MARKETING,CASE_STUDY
65.35486207819874,95.23784870835844,100.0,0.8724793494188026,83.46790040414584,23.420521312808983,Layoffs,PRODUCT_AWARENESS,CONTENT_MARKETING,CASE_STUDY
88.95938874821363,82.99808887908921,100.0,0.8105599252272934,89.23870783319964,89.4492499246693,Data Breach,COMPETITOR_SWITCHING,LINKEDIN_EMAIL,COMPARISON_GUIDE
88.2225567954182,88.75277053322937,100.0,0.92196799003466,92.52945291988931,57.271459605115844,Data Breach,COMPETITOR_SWITCHING,LINKEDIN_EMAIL,COMPARISON_GUIDE
94.06431059419481,96.74095118743222,100.0,0.9003703073538889,97.75148361483774,15.90402539072345,Data Breach,RELIABILITY_MESSAGING,LINKEDIN_EMAIL,COMPARISON_GUIDE
61.44936021036258,84.83848459867711,50.0,0.8483278724828681,65.26594423036573,78.92204079568414,Layoffs,PRODUCT_AWARENESS,CONTENT_MARKETING,CASE_STUDY
100.0,95.91830301523005,75.0,0.8026742888931335,94.38121045624766,20.00321620467615,System Outage,COMPETITOR_SWITCHING,LINKEDIN_EMAIL,COMPARISON_GUIDE
62.802410622628614,86.89555561586995,75.0,0.9544383045723464,73.73163861707795,67.42238336904083,Layoffs,PRODUCT_AWARENESS,CONTENT_MARKETING,CASE_STUDY
78.40976485647482,95.18966172569337,100.0,0.8251786594725234,89.37872353572087,23.66344579488822,PR Crisis,PRODUCT_AWARENESS,WEBINAR_EVENT,CASE_STUDY
61.93452658545811,74.10425460084969,75.0,0.8577596771994175,70.69540106531197,143.8546743930377,Layoffs,PRODUCT_AWARENESS,CONTENT_MARKETING,CASE_STUDY
70.90889658383264,96.58929411535111,100.0,1.0,89.75019271169555,16.657093379817457,PR Crisis,PRODUCT_AWARENESS,CONTENT_MARKETING,CASE_STUDY
64.0166976539324,86.972014859078,50.0,0.8999295853641724,67.95497453782491,67.0002179358277,Product Defect,RELIABILITY_MESSAGING,CONTENT_MARKETING,WHITE_PAPER
79.93876613576543,99.40893662876347,100.0,0.7782196502811335,87.61815194567465,2.845521909539414,Price Increase,PROMOTIONAL_OFFER,LINKEDIN_EMAIL,COMPARISON_GUIDE
100.0,80.35933941292028,75.0,0.7839602242565991,85.96503014057011,104.95769588259846,System Outage,COMPETITOR_SWITCHING,LINKEDIN_EMAIL,COMPARISON_GUIDE
77.06465727137812,90.8200083866355,50.0,0.804902035775682,72.20525861073678,46.21947262790568,PR Crisis,PRODUCT_AWARENESS,CONTENT_MARKETING,CASE_STUDY
76.01911363763733,84.15426482758045,100.0,0.8123169355505342,86.11802477804434,82.80892098281191,PR Crisis,PRODUCT_AWARENESS,CONTENT_MARKETING,CASE_STUDY
67.75957829251338,84.57279524247538,100.0,0.7374028980498756,81.14721500313914,80.4276193575685,PR Crisis,PRODUCT_AWARENESS,CONTENT_MARKETING,CASE_STUDY
76.80055683124085,99.1318504347006,75.0,0.8748726052478404,85.91049029680562,4.185311697501948,Product Defect,RELIABILITY_MESSAGING,WEBINAR_EVENT,WHITE_PAPER
94.2882981160101,98.8281185717104,50.0,0.8372049176029258,81.75910633376455,5.6582499826502515,Data Breach,COMPETITOR_SWITCHING,LINKEDIN_EMAIL,COMPARISON_GUIDE
74.97718585504852,93.87224377147189,100.0,0.8758174848270471,86.49808558635632,30.353009739980457,PR Crisis,PRODUCT_AWARENESS,CONTENT_MARKETING,CASE_STUDY
82.59673257120586,72.07434567393057,75.0,0.9726191130402062,74.26977678571735,157.1865700369141,Price Increase,PROMOTIONAL_OFFER,LINKEDIN_EMAIL,CASE_STUDY
75.7793154324113,81.63188491623995,75.0,0.8679273985448334,77.32647644940009,97.41612183217103,Price Increase,PROMOTIONAL_OFFER,LINKEDIN_EMAIL,SOCIAL_CAMPAIGN
90.48838049274416,70.58464753654086,100.0,0.7881592172915627,91.92226905319433,167.21161062028824,Data Breach,COMPETITOR_SWITCHING,CONTENT_MARKETING,COMPARISON_GUIDE
72.03113342524964,88.78165689622828,100.0,1.0,83.91225531319225,57.11525942960516,Product Defect,PRODUCT_AWARENESS,CONTENT_MARKETING,WHITE_PAPER
94.36160318360339,99.5359653655669,75.0,0.8646673604590681,89.8835670118524,2.232550163687087,Data Breach,COMPETITOR_SWITCHING,LINKEDIN_EMAIL,COMPARISON_GUIDE
69.88154563240552,90.77436147399293,100.0,0.782822252625538,83.98614140427205,46.460785379470906,Layoffs,PRODUCT_AWARENESS,CONTENT_MARKETING,CASE_STUDY
69.38052137845096,91.61049280452347,75.0,0.8079395982655391,73.90994335860898,42.059697888318865,Price Increase,PROMOTIONAL_OFFER,WEBINAR_EVENT,SOCIAL_CAMPAIGN
76.8123822940265,84.52771504115174,100.0,0.7781268262921314,87.06710577296913,80.68354403942385,PR Crisis,PRODUCT_AWARENESS,CONTENT_MARKETING,COMPARISON_GUIDE
68.3988339648968,76.34544342815678,100.0,0.9965167012683482,80.11594438282194,129.55288135426167,PR Crisis,PRODUCT_AWARENESS,CONTENT_MARKETING,SOCIAL_CAMPAIGN
78.58889405506395,84.67373115333187,50.0,0.7129492376727298,74.54542171635597,79.85509070381214,Price Increase,PROMOTIONAL_OFFER,SOCIAL_ONLY,SOCIAL_CAMPAIGN
89.42730077373692,94.78268001972204,75.0,0.949025304957877,86.48846698723366,25.720076943712755,Data Breach,COMPETITOR_SWITCHING,LINKEDIN_EMAIL,COMPARISON_GUIDE
94.72257520851163,81.86958644287769,75.0,0.8504194959774546,85.04386720379745,96.0204547201589,System Outage,PRODUCT_AWARENESS,WEBINAR_EVENT,COMPARISON_GUIDE
92.74967264260378,94.18750253000727,100.0,0.8998279945877998,92.61893958495999,28.743687715193495,System Outage,COMPETITOR_SWITCHING,LINKEDIN_EMAIL,COMPARISON_GUIDE
97.67745904987602,89.45960942440273,100.0,0.7272708663411502,98.46422009106826,53.463817880316014,System Outage,COMPETITOR_SWITCHING,LINKEDIN_EMAIL,COMPARISON_GUIDE
81.66157005989795,92.9172343393628,75.0,0.7901210770754756,83.26952126219581,35.26130036092981,Price Increase,PROMOTIONAL_OFFER,LINKEDIN_EMAIL,COMPARISON_GUIDE
77.75631427366486,82.59863664293525,100.0,1.0,89.39279838723293,91.76496534280723,Product Defect,RELIABILITY_MESSAGING,WEBINAR_EVENT,WHITE_PAPER
88.75517925760464,98.57142284571704,50.0,0.9277256760763484,83.05158890452591,6.906621858734349,Data Breach,COMPETITOR_SWITCHING,LINKEDIN_EMAIL,COMPARISON_GUIDE
79.38912584240057,97.63363321195759,75.0,0.934673958947967,80.02826132770127,11.495111687685286,PR Crisis,PRODUCT_AWARENESS,CONTENT_MARKETING,CASE_STUDY
59.083707436671126,79.09613676462548,50.0,0.686861425779192,62.762592842402945,112.5629531031092,Layoffs,PROMOTIONAL_OFFER,CONTENT_MARKETING,CASE_STUDY
84.14567085934794,85.80549186671873,100.0,0.9802892436457034,86.63971298732503,73.48184341054568,System Outage,COMPETITOR_SWITCHING,LINKEDIN_EMAIL,COMPARISON_GUIDE
81.48308780322422,94.03917861865068,50.0,0.8455561840882705,75.79259042753715,29.500174433793482,Data Breach,COMPETITOR_SWITCHING,LINKEDIN_EMAIL,COMPARISON_GUIDE
77.01559663542788,96.09224185282669,50.0,0.7456424399596118,75.97325630767924,19.13356954082399,PR Crisis,PRODUCT_AWARENESS,CONTENT_MARKETING,CASE_STUDY
76.83299123048424,98.01255182192787,100.0,0.7748096170938116,91.63169810199565,9.635825137655118,PR Crisis,PRODUCT_AWARENESS,CONTENT_MARKETING,CASE_STUDY
63.54653845984478,93.77816738433799,75.0,0.7711419162931565,77.060158630275,30.834294799036496,Layoffs,PRODUCT_AWARENESS,CONTENT_MARKETING,CASE_STUDY
72.3487119081378,98.07073502127697,75.0,0.7865701734190125,77.99252753117317,9.350967239189181,PR Crisis,PRODUCT_AWARENESS,CONTENT_MARKETING,CASE_STUDY
79.04233588043354,95.57125304167154,50.0,1.0,75.35883736861834,21.74309354452409,Price Increase,PROMOTIONAL_OFFER,SOCIAL_ONLY,COMPARISON_GUIDE
66.50137246003708,81.31713168105823,100.0,0.8671183928587377,82.69839701753332,99.27046552742834,Product Defect,RELIABILITY_MESSAGING,CONTENT_MARKETING,WHITE_PAPER
86.89818138732224,87.11546842661083,50.0,0.8075599081911577,74.74227660162279,66.2091475302868,Data Breach,COMPETITOR_SWITCHING,LINKEDIN_EMAIL,COMPARISON_GUIDE
88.62474151424178,90.81913511730517,100.0,0.6658463068211532,91.44258877551118,46.22408803481049,Data Breach,COMPETITOR_SWITCHING,LINKEDIN_EMAIL,CASE_STUDY
84.0393497187901,87.14272502018711,50.0,0.8961245570444613,75.38105770265925,66.05898913871243,System Outage,COMPETITOR_SWITCHING,LINKEDIN_EMAIL,COMPARISON_GUIDE
80.3944040422762,98.87278780006665,75.0,0.9395659929147662,87.36717277731809,5.441344249951842,Layoffs,PRODUCT_AWARENESS,CONTENT_MARKETING,CASE_STUDY
82.7162647156826,97.26127418110424,75.0,0.7894919403772557,81.92038072140896,13.329254556511358,System Outage,COMPETITOR_SWITCHING,LINKEDIN_EMAIL,COMPARISON_GUIDE
66.76713557878736,98.73247065401219,75.0,0.7634761597108484,79.2630408927808,6.123028957669501,Product Defect,RELIABILITY_MESSAGING,CONTENT_MARKETING,WHITE_PAPER
69.5528206118554,89.25584334763784,100.0,0.8493621886946706,87.55776952681356,54.55838197886552,Layoffs,PRODUCT_AWARENESS,CONTENT_MARKETING,CASE_STUDY
90.38684153823809,91.54016888920921,50.0,0.7810972638937389,77.73577816431094,42.42830677782593,Data Breach,RETENTION_DEFENSE,LINKEDIN_EMAIL,COMPARISON_GUIDE
72.9101909148189,98.64442513493884,50.0,0.7799505397292195,70.99180444448054,6.551264003006986,Layoffs,PRODUCT_AWARENESS,CONTENT_MARKETING,CASE_STUDY
74.63088773765821,95.69341717308879,100.0,1.0,88.61576211022235,21.129924463286695,Product Defect,RELIABILITY_MESSAGING,CONTENT_MARKETING,WHITE_PAPER
90.63682739268577,97.32839082468385,50.0,0.7979485944702538,79.47899743695007,12.998137380326398,Data Breach,COMPETITOR_SWITCHING,LINKEDIN_EMAIL,COMPARISON_GUIDE
77.03803037880566,98.11398770768497,75.0,0.7808807384256147,77.74388942050332,9.139316815818576,Price Increase,COMPETITOR_SWITCHING,LINKEDIN_EMAIL,COMPARISON_GUIDE
83.42321100777585,66.77347824116417,100.0,0.8308841562506872,81.58620055137641,193.85482396876418,Price Increase,PROMOTIONAL_OFFER,LINKEDIN_EMAIL,COMPARISON_GUIDE
67.11614334715834,98.14345478976732,75.0,0.9104312980660605,79.84612699505428,8.995177573751402,Product Defect,RELIABILITY_MESSAGING,CONTENT_MARKETING,WHITE_PAPER
96.03751742579568,92.18571132757953,75.0,0.7164475775102902,89.657440753352,39.05522025142763,System Outage,COMPETITOR_SWITCHING,LINKEDIN_EMAIL,COMPARISON_GUIDE
71.68688120527077,96.16460943326541,75.0,0.8956478934874528,80.58365001166133,18.772215029723167,PR Crisis,COMPETITOR_SWITCHING,CONTENT_MARKETING,CASE_STUDY
76.29522577770149,97.2620544111703,50.0,0.8707778001377185,72.88807338422286,13.32540401134108,Data Breach,RETENTION_DEFENSE,CONTENT_MARKETING,SOCIAL_CAMPAIGN
73.19296229388686,98.33732998008318,50.0,0.7170783950184831,79.3459387585578,8.04790813299263,Product Defect,RELIABILITY_MESSAGING,CONTENT_MARKETING,WHITE_PAPER
81.94497195022389,99.46926687677798,100.0,0.7811669307772838,91.8496577546633,2.5543032699418236,Data Breach,COMPETITOR_SWITCHING,LINKEDIN_EMAIL,COMPARISON_GUIDE
75.0314640460722,97.10387701448771,100.0,0.8038486504381481,91.35640693243208,14.106664046083267,Product Defect,RETENTION_DEFENSE,WEBINAR_EVENT,WHITE_PAPER
98.85819074650668,91.3433539580767,50.0,0.6522684399898169,80.35249197508475,43.46143652011871,System Outage,COMPETITOR_SWITCHING,LINKEDIN_EMAIL,COMPARISON_GUIDE
77.8853606359027,83.7310167108912,75.0,0.8337563691165606,79.11290783640919,85.2291394148063,PR Crisis,PRODUCT_AWARENESS,CONTENT_MARKETING,WHITE_PAPER
65.44696959572825,98.0203004843591,75.0,0.856927182997832,77.77352351281488,9.59787886563829,Layoffs,PRODUCT_AWARENESS,CONTENT_MARKETING,CASE_STUDY
95.83891030829903,98.50569476172447,100.0,0.870353667464097,96.69824044638845,7.226795827881245,Data Breach,COMPETITOR_SWITCHING,LINKEDIN_EMAIL,COMPARISON_GUIDE
97.94164259230321,98.22872286160215,100.0,0.8815561713902638,97.8033049337614,8.578329550344863,System Outage,COMPETITOR_SWITCHING,WEBINAR_EVENT,COMPARISON_GUIDE
96.44887428448206,95.65271170962748,50.0,1.0,81.73495658932599,21.33414728054727,System Outage,COMPETITOR_SWITCHING,LINKEDIN_EMAIL,COMPARISON_GUIDE
74.73808468830704,84.39953732902403,75.0,0.6869500371857716,75.6989224521952,81.41196781670735,Product Defect,RELIABILITY_MESSAGING,CONTENT_MARKETING,WHITE_PAPER
65.64604039487072,87.13794648340121,75.0,0.8218789212766953,71.7392962294816,66.0853110209731,PR Crisis,PRODUCT_AWARENESS,CONTENT_MARKETING,COMPARISON_GUIDE
75.08026709321966,79.46655179847355,100.0,0.9163524464946791,79.44980175881416,110.32031277842802,PR Crisis,PRODUCT_AWARENESS,CONTENT_MARKETING,COMPARISON_GUIDE
66.17807279054283,98.76454898298816,75.0,0.9116692155109574,78.93098257135473,5.967101561173428,Layoffs,PRODUCT_AWARENESS,CONTENT_MARKETING,CASE_STUDY
72.84468337234821,96.00377891902616,100.0,0.8770797125995531,87.10843119684554,19.57566314646285,Product Defect,RELIABILITY_MESSAGING,CONTENT_MARKETING,WHITE_PAPER
78.16390933053142,79.90511377660073,100.0,1.0,84.2623078173505,107.67855986574938,PR Crisis,PRODUCT_AWARENESS,CONTENT_MARKETING,CASE_STUDY
77.01910279339653,96.33328819194745,75.0,0.9164268653235397,80.49545992312511,17.93100246699842,PR Crisis,PRODUCT_AWARENESS,SOCIAL_ONLY,CASE_STUDY
65.35783118609696,86.61117201957376,75.0,0.8117874042587907,73.93143061276501,68.99585836126938,Layoffs,PRODUCT_AWARENESS,CONTENT_MARKETING,CASE_STUDY
74.14569342292634,84.18269601639554,50.0,0.8284100051765303,67.95555874252457,82.64678224996814,Product Defect,RELIABILITY_MESSAGING,CONTENT_MARKETING,WHITE_PAPER
72.77853369961944,97.42967968053583,100.0,0.8801840394435881,90.26801802143925,12.498865077348045,PR Crisis,PRODUCT_AWARENESS,CONTENT_MARKETING,CASE_STUDY
84.86778723760062,90.25922112414135,100.0,0.8830747922578961,94.77847285739878,49.19252201939476,Price Increase,PROMOTIONAL_OFFER,LINKEDIN_EMAIL,COMPARISON_GUIDE
91.13105400448214,98.01593412210352,50.0,0.7504276237350866,81.19839024558564,9.619261176793529,System Outage,COMPETITOR_SWITCHING,WEBINAR_EVENT,COMPARISON_GUIDE
69.17782699174953,95.00652942614265,75.0,0.9023492525083245,78.5619202827217,24.587791654993072,Layoffs,PRODUCT_AWARENESS,CONTENT_MARKETING,CASE_STUDY
91.3998431315991,93.1928257603849,100.0,0.7599608762161298,94.11209254141481,33.83973315807251,Data Breach,RELIABILITY_MESSAGING,LINKEDIN_EMAIL,COMPARISON_GUIDE
95.2345771747513,81.41022128474043,100.0,0.8587515835683914,93.96843050312005,98.72128908195344,System Outage,COMPETITOR_SWITCHING,LINKEDIN_EMAIL,COMPARISON_GUIDE
72.40504615868356,88.44053812893165,100.0,0.8679107219423305,85.99466776730021,58.96307776284087,Product Defect,RELIABILITY_MESSAGING,CONTENT_MARKETING,WHITE_PAPER
74.30122785921647,91.09000651548314,75.0,0.9774549301311517,78.52506174546916,44.794601137632725,Price Increase,PROMOTIONAL_OFFER,LINKEDIN_EMAIL,COMPARISON_GUIDE
65.0519758987071,65.77585245936815,100.0,0.8399370463920282,80.83092830076826,201.0803514777939,Product Defect,RELIABILITY_MESSAGING,CONTENT_MARKETING,WHITE_PAPER
77.61976333553896,95.0358036996049,75.0,0.8373593681136808,81.20488430420221,24.439912483632654,PR Crisis,PRODUCT_AWARENESS,CONTENT_MARKETING,CASE_STUDY
84.93947812369916,92.58080989084378,100.0,0.7176114662507385,91.29027507384002,37.00238515794632,Data Breach,COMPETITOR_SWITCHING,LINKEDIN_EMAIL,COMPARISON_GUIDE
78.14070006740334,95.82844268282858,50.0,0.8231372240567897,78.3428558823887,20.45311132600777,PR Crisis,PRODUCT_AWARENESS,CONTENT_MARKETING,CASE_STUDY
68.70204324318198,98.49326732337218,75.0,0.7297485637505515,79.51549058502198,7.287356252706578,Product Defect,RELIABILITY_MESSAGING,CONTENT_MARKETING,WHITE_PAPER
58.404274773990274,94.71596437241517,50.0,0.8315252375833058,68.1689119509475,26.058058380288337,Layoffs,PRODUCT_AWARENESS,CONTENT_MARKETING,CASE_STUDY
100.0,99.8682773822422,75.0,0.9401252023638206,90.42609887358186,0.6326853516316429,System Outage,COMPETITOR_SWITCHING,LINKEDIN_EMAIL,COMPARISON_GUIDE
77.58334654324061,72.28165472764222,100.0,0.8284889047556135,80.50478321810556,155.80791706907647,PR Crisis,PRODUCT_AWARENESS,CONTENT_MARKETING,CASE_STUDY
100.0,99.3080843275835,50.0,0.854737474721159,83.22733788780609,3.3327384397562003,System Outage,COMPETITOR_SWITCHING,LINKEDIN_EMAIL,COMPARISON_GUIDE
78.37140234373388,79.58603997782234,50.0,0.8041070394495811,69.13065504835946,109.59911312695826,PR Crisis,PRODUCT_AWARENESS,CONTENT_MARKETING,CASE_STUDY
74.83623364892001,92.0163037130265,100.0,0.8065260183092988,90.31654911155653,39.93811697645667,PR Crisis,PRODUCT_AWARENESS,WEBINAR_EVENT,CASE_STUDY
51.70324321475314,94.35384644436039,75.0,0.9496868153998103,67.34067075439306,27.896710645803854,Layoffs,PRODUCT_AWARENESS,CONTENT_MARKETING,CASE_STUDY
68.28656202959826,82.04560516052054,75.0,0.8202847307203367,74.12855042647055,94.98956775821473,Product Defect,RELIABILITY_MESSAGING,CONTENT_MARKETING,WHITE_PAPER
77.6388238046583,96.8920090371017,100.0,0.7611539323627337,93.62767311984108,15.155105553247969,PR Crisis,COMPETITOR_SWITCHING,CONTENT_MARKETING,CASE_STUDY
94.6783919657373,99.72567837246274,50.0,0.9517244075995327,81.38012009111469,1.3185531784531248,Data Breach,COMPETITOR_SWITCHING,LINKEDIN_EMAIL,COMPARISON_GUIDE
71.35842425026057,89.45437454745422,50.0,0.8080383786976181,71.35843118679634,53.49190669573689,PR Crisis,PRODUCT_AWARENESS,CONTENT_MARKETING,COMPARISON_GUIDE
83.88936095554027,98.95806580170203,75.0,0.9070398744137911,87.37089193897394,5.027521607273823,Data Breach,COMPETITOR_SWITCHING,CONTENT_MARKETING,COMPARISON_GUIDE
75.2979311271605,82.40009190301849,50.0,0.8211227067344736,72.15785962849824,92.92014419778862,Price Increase,PROMOTIONAL_OFFER,SOCIAL_ONLY,SOCIAL_CAMPAIGN
59.59468336200051,96.59015560039833,50.0,0.8992748485555411,64.4753616807829,16.652812253400807,Layoffs,PRODUCT_AWARENESS,CONTENT_MARKETING,CASE_STUDY
73.82343467131359,79.99658001166624,75.0,0.8081821583584768,78.12636632369909,107.12942499944772,Layoffs,PRODUCT_AWARENESS,CONTENT_MARKETING,CASE_STUDY
71.4782815472862,91.46335597992235,75.0,0.7373230962909152,80.04302255146595,42.83125200687866,PR Crisis,PRODUCT_AWARENESS,CONTENT_MARKETING,CASE_STUDY
82.93487827329112,94.86990974597359,100.0,0.6834456473693022,95.0278369696886,25.278529885430935,Data Breach,COMPETITOR_SWITCHING,LINKEDIN_EMAIL,COMPARISON_GUIDE
76.05508733601309,86.56925553471623,75.0,0.8422629510503686,80.83645697516558,69.22821617916654,PR Crisis,PRODUCT_AWARENESS,CONTENT_MARKETING,CASE_STUDY
79.84520874681714,85.1401515659453,75.0,0.8209110230228915,79.8662377210683,77.21829378863521,Price Increase,PROMOTIONAL_OFFER,LINKEDIN_EMAIL,COMPARISON_GUIDE
91.5390088444603,90.45029314470405,50.0,0.7131865285874699,77.50498247499277,48.17747193285774,Data Breach,COMPETITOR_SWITCHING,LINKEDIN_EMAIL,COMPARISON_GUIDE
67.90928482995363,83.51543601875073,100.0,0.8514747146452314,82.91350814833001,86.4665801837948,Product Defect,RELIABILITY_MESSAGING,CONTENT_MARKETING,WHITE_PAPER
62.30120159845319,99.81455329118423,75.0,0.787735621967815,74.10566065478389,0.8909705957167684,Layoffs,PRODUCT_AWARENESS,CONTENT_MARKETING,CASE_STUDY
82.7593182765475,92.2393320452215,100.0,0.9323324509860514,91.72072188901153,38.77610473953529,Price Increase,PROMOTIONAL_OFFER,LINKEDIN_EMAIL,COMPARISON_GUIDE
91.28014867156938,91.23255664528851,100.0,0.9286152787156411,91.87431067908757,44.044018488256654,Data Breach,COMPETITOR_SWITCHING,LINKEDIN_EMAIL,COMPARISON_GUIDE
82.55148194791161,78.20622358816884,100.0,0.7027300614934684,83.9233059221439,117.99405891702247,Price Increase,COMPETITOR_SWITCHING,LINKEDIN_EMAIL,COMPARISON_GUIDE
66.8759071115216,98.19781999625145,75.0,0.8520872840168667,78.0136826708904,8.729361842365071,Product Defect,RELIABILITY_MESSAGING,WEBINAR_EVENT,WHITE_PAPER
75.99279181448146,91.17219435089294,50.0,0.8010785757606441,69.93545283736401,44.36170651128555,PR Crisis,PRODUCT_AWARENESS,CONTENT_MARKETING,CASE_STUDY
85.38383376944547,88.07720745992413,100.0,0.7418652315506933,91.72462966415878,60.93907135865696,Data Breach,COMPETITOR_SWITCHING,LINKEDIN_EMAIL,COMPARISON_GUIDE
66.23213141045656,93.74086380162899,75.0,0.8894654320704711,77.48478395206106,31.025269761132563,PR Crisis,PRODUCT_AWARENESS,CONTENT_MARKETING,COMPARISON_GUIDE
75.70821109909393,99.68370448330552,50.0,0.9060247903527193,76.40352951329194,1.5206245835643766,Price Increase,PROMOTIONAL_OFFER,SOCIAL_ONLY,COMPARISON_GUIDE
62.40410008506912,99.47343844028978,75.0,1.0,77.11155176666529,2.5341733487891847,Product Defect,RELIABILITY_MESSAGING,LINKEDIN_EMAIL,WHITE_PAPER
70.74636663142837,98.87913982706719,100.0,0.793745885989929,88.32197943814761,5.410507908704544,Layoffs,PRODUCT_AWARENESS,CONTENT_MARKETING,CASE_STUDY
88.32573863811943,93.38709470098463,50.0,0.7998426353769785,81.97132098153702,32.84017087982729,Data Breach,COMPETITOR_SWITCHING,LINKEDIN_EMAIL,COMPARISON_GUIDE
73.53875967727738,85.15882391162931,75.0,0.8050026579284586,75.28758917387623,77.11303507008913,Product Defect,RELIABILITY_MESSAGING,CONTENT_MARKETING,SOCIAL_CAMPAIGN
69.64741253672385,91.46479078068148,75.0,0.7918290259340105,77.30336497779098,42.82372222672628,Layoffs,PRODUCT_AWARENESS,LINKEDIN_EMAIL,CASE_STUDY
89.62783285449977,97.9735121346377,75.0,0.8996537678040543,89.87232413824464,9.82705353184636,Data Breach,RETENTION_DEFENSE,LINKEDIN_EMAIL,SOCIAL_CAMPAIGN
90.59802834443535,87.65506602783717,100.0,0.8947832358344832,94.69729259723455,63.245173398262736,Data Breach,COMPETITOR_SWITCHING,LINKEDIN_EMAIL,COMPARISON_GUIDE
74.16961077274452,97.16846594877343,100.0,0.8867344063382749,85.76528037033434,13.787496745925765,Product Defect,RELIABILITY_MESSAGING,CONTENT_MARKETING,WHITE_PAPER
74.71047546331107,64.4322538715014,100.0,0.8843694575306068,79.62924172110107,210.9868040354558,PR Crisis,PRODUCT_AWARENESS,CONTENT_MARKETING,WHITE_PAPER
81.35789418597686,78.10731071535116,75.0,0.7478601139343752,79.36863035203028,118.60153267802545,Price Increase,PROMOTIONAL_OFFER,LINKEDIN_EMAIL,COMPARISON_GUIDE
63.93363812017104,70.17016310766486,75.0,0.8468355876914676,70.48750557511312,170.03855628586817,Layoffs,PRODUCT_AWARENESS,CONTENT_MARKETING,CASE_STUDY
75.1415918806523,96.22951639425432,75.0,0.8523804911596596,78.61517182580829,18.44834503293765,PR Crisis,PRODUCT_AWARENESS,CONTENT_MARKETING,CASE_STUDY
67.50516671758672,98.72344036150398,100.0,0.867770701730697,85.66160155215893,6.166932838638914,Layoffs,PRODUCT_AWARENESS,WEBINAR_EVENT,CASE_STUDY
86.2787806278676,99.32637970718221,100.0,0.7784314158224397,95.13456695658995,3.2443169034947674,Price Increase,PROMOTIONAL_OFFER,LINKEDIN_EMAIL,COMPARISON_GUIDE
60.35157701842921,85.52087110581175,50.0,0.9325475631574908,61.82577139304127,75.0766720002234,Product Defect,RELIABILITY_MESSAGING,CONTENT_MARKETING,WHITE_PAPER
71.33525132934629,97.38270437139164,50.0,0.921170463649875,74.1757110235669,12.730350862360776,Product Defect,RELIABILITY_MESSAGING,CONTENT_MARKETING,WHITE_PAPER
70.23508606561873,85.18564499670741,75.0,0.8086169239919702,78.96842280563087,76.96188110511001,Product Defect,RELIABILITY_MESSAGING,LINKEDIN_EMAIL,WHITE_PAPER
91.49449061809625,81.31079435095693,100.0,0.8209729151648273,87.62739390225912,99.30787507355473,Price Increase,PROMOTIONAL_OFFER,LINKEDIN_EMAIL,SOCIAL_CAMPAIGN
61.20700500002926,87.47809405745002,50.0,0.8163850546323314,65.1626609995257,64.21525324673595,Product Defect,RELIABILITY_MESSAGING,CONTENT_MARKETING,WHITE_PAPER
63.27774744482861,96.54688227128847,100.0,0.7765078442812641,80.40780705710287,16.867905107150666,Product Defect,PRODUCT_AWARENESS,CONTENT_MARKETING,WHITE_PAPER
58.96302084176813,89.24067390385841,100.0,0.9287457918781267,79.92943281941375,54.639967134069465,Layoffs,PRODUCT_AWARENESS,CONTENT_MARKETING,CASE_STUDY
94.75268145173783,90.93370901874256,75.0,0.9039855593733283,90.01539111508517,45.618920283668956,System Outage,COMPETITOR_SWITCHING,LINKEDIN_EMAIL,SOCIAL_CAMPAIGN
100.0,93.06377499147126,50.0,0.7989808012598947,81.85713858743775,34.504884124437176,System Outage,COMPETITOR_SWITCHING,SOCIAL_ONLY,COMPARISON_GUIDE
61.88429736787618,85.96550492198239,100.0,0.8055618304671797,79.55143233109224,72.58755636349423,Layoffs,PRODUCT_AWARENESS,CONTENT_MARKETING,CASE_STUDY
69.15942552187353,70.63047893762081,75.0,0.9636403398391884,70.21142130253669,166.90004239328516,Product Defect,RELIABILITY_MESSAGING,CONTENT_MARKETING,COMPARISON_GUIDE
60.838222134478855,84.43473640323755,100.0,0.8877132445109123,78.25528830210324,81.21182414334314,Layoffs,PRODUCT_AWARENESS,CONTENT_MARKETING,CASE_STUDY
71.48189968536776,92.58923549669744,75.0,0.9738004161064049,82.46128586934739,36.95870324596018,PR Crisis,PRODUCT_AWARENESS,CONTENT_MARKETING,CASE_STUDY
71.93605654757806,80.28432337198592,75.0,0.8189838752051213,76.44671783620568,105.4059887270416,PR Crisis,PRODUCT_AWARENESS,CONTENT_MARKETING,CASE_STUDY
95.41804826952736,92.30780580159714,75.0,0.835844221800476,86.76296655921318,38.419909515355144,Data Breach,COMPETITOR_SWITCHING,LINKEDIN_EMAIL,COMPARISON_GUIDE
88.10340385992737,87.93910866540644,50.0,0.7915255968046464,74.94127654749717,61.692267839859284,System Outage,COMPETITOR_SWITCHING,LINKEDIN_EMAIL,COMPARISON_GUIDE
79.95860962724976,97.54370752568781,100.0,0.8085910960771062,91.69413201188404,11.93742053665999,Price Increase,PRODUCT_AWARENESS,LINKEDIN_EMAIL,COMPARISON_GUIDE
74.91788551963624,93.65938826069032,75.0,0.9450714618758467,82.97622684196728,31.442646596908368,PR Crisis,PRODUCT_AWARENESS,CONTENT_MARKETING,CASE_STUDY
66.71567525508436,95.81587418872705,50.0,0.9045513191701049,74.12444701012393,20.51607042937033,Layoffs,PRODUCT_AWARENESS,CONTENT_MARKETING,CASE_STUDY
72.91964092662982,85.24292935552984,100.0,0.8212566327370352,86.60672846261201,76.63920642013116,Product Defect,RELIABILITY_MESSAGING,CONTENT_MARKETING,WHITE_PAPER
97.1084246195613,81.71259259887927,75.0,0.9156385744957891,86.8716956897029,96.94179063458543,System Outage,COMPETITOR_SWITCHING,LINKEDIN_EMAIL,COMPARISON_GUIDE
75.33337344794577,90.81064769411314,50.0,0.9435436472356538,71.07816103760489,46.268948113065036,Product Defect,RELIABILITY_MESSAGING,WEBINAR_EVENT,WHITE_PAPER
72.40281053705374,80.8354457358714,100.0,0.8366305535746517,83.50518530844955,102.12222326650335,Product Defect,RELIABILITY_MESSAGING,CONTENT_MARKETING,WHITE_PAPER
71.03254483254179,98.26268408467419,100.0,0.7846451463210211,88.72832826799097,8.412404867019033,Layoffs,PRODUCT_AWARENESS,CONTENT_MARKETING,CASE_STUDY
92.00206014619218,93.16300077301062,75.0,0.8652879254415923,87.34259738669236,33.99337465486065,Data Breach,COMPETITOR_SWITCHING,LINKEDIN_EMAIL,SOCIAL_CAMPAIGN
88.2007192951004,90.43726746760096,50.0,0.9097002852821776,80.40173544935529,48.24660134119442,System Outage,COMPETITOR_SWITCHING,LINKEDIN_EMAIL,CASE_STUDY
76.06815212214255,98.87490687667088,75.0,0.8699506946968604,85.74463947138523,5.431056830199795,PR Crisis,PRODUCT_AWARENESS,CONTENT_MARKETING,CASE_STUDY
89.52352233806523,90.4714034010609,100.0,0.8723217220616272,93.30192161532537,48.06545747256111,Data Breach,COMPETITOR_SWITCHING,LINKEDIN_EMAIL,COMPARISON_GUIDE
72.04256174188713,99.29998509585099,50.0,0.9358905399887818,71.55398962668804,3.3718872139731983,Product Defect,RELIABILITY_MESSAGING,CONTENT_MARKETING,WHITE_PAPER
75.66484837073438,95.8441344801241,100.0,0.7939903348048661,88.05891595693927,20.374518312545337,PR Crisis,PRODUCT_AWARENESS,CONTENT_MARKETING,CASE_STUDY
95.63901348683392,81.44752122526272,75.0,0.8052862522182729,85.94428551244143,98.5014165540918,System Outage,COMPETITOR_SWITCHING,LINKEDIN_EMAIL,COMPARISON_GUIDE
82.8276201461717,89.13852436909664,100.0,0.844739979114161,86.47061826532017,55.189714890759305,PR Crisis,PRODUCT_AWARENESS,CONTENT_MARKETING,CASE_STUDY
92.96753561651869,55.7020700113895,50.0,0.7341588879667005,64.50002333678415,280.873380559535,System Outage,COMPETITOR_SWITCHING,LINKEDIN_EMAIL,COMPARISON_GUIDE
92.20007225026666,88.84177354467785,75.0,0.809835662051791,88.27626734236372,56.79034742575554,Data Breach,COMPETITOR_SWITCHING,CONTENT_MARKETING,COMPARISON_GUIDE
81.55271912346106,96.858543638095,100.0,0.9020160942366928,91.48029901325417,15.320920736339504,PR Crisis,PRODUCT_AWARENESS,CONTENT_MARKETING,CASE_STUDY
99.23318498023833,95.05804981669948,50.0,0.7643932186939077,85.00646601462586,24.327566544438703,Data Breach,COMPETITOR_SWITCHING,LINKEDIN_EMAIL,COMPARISON_GUIDE
73.96716415784336,97.42078680229565,50.0,0.7498768460647645,76.70063091197255,12.542678999226741,PR Crisis,PRODUCT_AWARENESS,CONTENT_MARKETING,CASE_STUDY
64.58924410803715,70.8356178989994,100.0,0.9393836665270502,77.62572172770882,165.50795237763845,Layoffs,PRODUCT_AWARENESS,LINKEDIN_EMAIL,CASE_STUDY
78.84971782201809,86.08132212209996,100.0,0.8955813824185763,88.25970088547186,71.94131062436628,Price Increase,PROMOTIONAL_OFFER,LINKEDIN_EMAIL,COMPARISON_GUIDE
78.21361379933772,98.60291128555168,50.0,0.9563322024105945,78.36472244037566,6.753311324523959,PR Crisis,PRODUCT_AWARENESS,CONTENT_MARKETING,CASE_STUDY
77.45702283509749,93.6425009085641,75.0,0.7958886158352584,85.17744027242986,31.52920129295014,PR Crisis,PRODUCT_AWARENESS,CONTENT_MARKETING,CASE_STUDY
94.79921024677829,99.3385666562833,100.0,0.7355379918305561,94.53844480060373,3.185426438086064,System Outage,COMPETITOR_SWITCHING,LINKEDIN_EMAIL,COMPARISON_GUIDE
92.82350531268078,85.23732774695989,75.0,0.8143053253428176,81.42151898726921,76.67074992153417,Data Breach,COMPETITOR_SWITCHING,LINKEDIN_EMAIL,COMPARISON_GUIDE
77.73846840375461,91.24388491974621,50.0,0.6560896538696834,75.51559588235702,43.98442096761184,Price Increase,RETENTION_DEFENSE,SOCIAL_ONLY,COMPARISON_GUIDE
59.53185526968302,82.14380538951643,50.0,0.772641908549663,63.360461012444176,94.41540021134891,Layoffs,PRODUCT_AWARENESS,CONTENT_MARKETING,CASE_STUDY
69.98198730454716,90.82149098802697,100.0,0.7573308248645966,86.28901977555486,46.21163687814175,Product Defect,RELIABILITY_MESSAGING,CONTENT_MARKETING,WHITE_PAPER
73.90812545212684,99.90185923573408,100.0,0.8666706246358041,85.45033821472238,0.47130697845903485,Layoffs,PRODUCT_AWARENESS,CONTENT_MARKETING,CASE_STUDY
73.76411308739702,99.66290100173798,50.0,0.7954412601601761,74.04649160124524,1.6208085938651546,PR Crisis,PRODUCT_AWARENESS,CONTENT_MARKETING,CASE_STUDY
66.34061457184892,98.58620424061839,50.0,0.9938149221479617,72.3937928234591,6.834648284383746,Product Defect,RELIABILITY_MESSAGING,CONTENT_MARKETING,WHITE_PAPER
92.14410505108602,98.18368612386561,75.0,0.8958066225084926,89.3637689822906,8.798454486483694,System Outage,COMPETITOR_SWITCHING,LINKEDIN_EMAIL,COMPARISON_GUIDE
66.00727342196909,88.46355789707668,75.0,0.8547704295936139,74.14810318249948,58.83815709655677,Product Defect,RELIABILITY_MESSAGING,CONTENT_MARKETING,WHITE_PAPER
98.49111656806795,88.23144676036398,75.0,0.8814788308337399,87.20695410719624,60.09923869785726,System Outage,COMPETITOR_SWITCHING,LINKEDIN_EMAIL,COMPARISON_GUIDE
75.44504990892386,84.48083712452254,75.0,0.955391525250746,78.4174703103111,80.94981932870033,Product Defect,RELIABILITY_MESSAGING,WEBINAR_EVENT,WHITE_PAPER
100.0,92.79849338567566,100.0,0.7948649745528346,97.10050478205822,35.87509507002094,Data Breach,RETENTION_DEFENSE,CONTENT_MARKETING,COMPARISON_GUIDE
71.02274698045373,99.37943320587499,100.0,0.7978865597108441,87.25515708583535,2.9880015033127236,Product Defect,RELIABILITY_MESSAGING,CONTENT_MARKETING,WHITE_PAPER
73.3982634590284,68.90714716269781,75.0,0.8839332757121533,70.46829703868038,178.75693485283648,PR Crisis,PRODUCT_AWARENESS,CONTENT_MARKETING,WHITE_PAPER
92.3535088122689,85.56265171784732,75.0,0.8480516326191213,89.3947397574855,74.84222868452868,System Outage,RELIABILITY_MESSAGING,LINKEDIN_EMAIL,COMPARISON_GUIDE
73.63771585050355,97.43974543422385,100.0,0.8849058935739226,86.43135552946597,12.449277392961923,Layoffs,PRODUCT_AWARENESS,CONTENT_MARKETING,CASE_STUDY
82.82138694013368,89.22447688288288,75.0,0.8294098770061323,79.05872969316316,54.727094173217694,Price Increase,PROMOTIONAL_OFFER,LINKEDIN_EMAIL,COMPARISON_GUIDE
81.99611561302639,87.30575611163752,100.0,0.9017756751762193,85.26151002208363,65.16181942796746,Price Increase,PROMOTIONAL_OFFER,CONTENT_MARKETING,COMPARISON_GUIDE
85.49199626982214,95.46900319562276,50.0,0.8679561454847977,79.93169607184,22.256911226270258,Data Breach,COMPETITOR_SWITCHING,LINKEDIN_EMAIL,COMPARISON_GUIDE
73.41963845728934,93.54913026109311,100.0,0.8132892589704848,84.1666899001597,32.008046572762275,Layoffs,RELIABILITY_MESSAGING,CONTENT_MARKETING,WHITE_PAPER
77.13615787725738,91.41736722331156,50.0,0.9681232279780716,76.03985602619133,43.072661853163645,Price Increase,PROMOTIONAL_OFFER,SOCIAL_ONLY,COMPARISON_GUIDE
76.87218649245236,88.17766459646457,50.0,0.8816642826749927,72.8497742311322,60.391915638101274,Price Increase,COMPETITOR_SWITCHING,SOCIAL_ONLY,SOCIAL_CAMPAIGN
63.54255010503255,93.44640764837166,100.0,0.8934880123675546,82.70971367235231,32.535405242570356,Layoffs,PROMOTIONAL_OFFER,CONTENT_MARKETING,CASE_STUDY
73.85849355324173,95.6466995756465,75.0,0.622116590349594,78.42627119777919,21.364318040534776,Product Defect,RELIABILITY_MESSAGING,CONTENT_MARKETING,WHITE_PAPER
71.59611671097774,95.16032448825374,50.0,0.7464254819423275,74.50819760562426,23.81140350544673,Product Defect,RELIABILITY_MESSAGING,WEBINAR_EVENT,WHITE_PAPER
77.66149399344054,70.4645073035494,75.0,0.8777203105384572,71.59215248746125,168.0293018123712,Price Increase,PROMOTIONAL_OFFER,LINKEDIN_EMAIL,SOCIAL_CAMPAIGN
78.63802014750095,99.23952909827621,100.0,0.8561457512848204,88.6610823401061,3.6642106826849794,Price Increase,PROMOTIONAL_OFFER,LINKEDIN_EMAIL,COMPARISON_GUIDE
84.9813340972357,94.51915070388563,75.0,0.8104994733470949,86.14612727107396,27.056505152908436,Price Increase,PROMOTIONAL_OFFER,LINKEDIN_EMAIL,COMPARISON_GUIDE
83.04001831405995,88.45446725231642,75.0,0.8221078292473712,81.55383209268206,58.88748513404855,Data Breach,COMPETITOR_SWITCHING,LINKEDIN_EMAIL,COMPARISON_GUIDE
78.39182474391309,83.03572500348533,100.0,1.0,86.99275864311318,89.2316395524552,Price Increase,PROMOTIONAL_OFFER,CONTENT_MARKETING,COMPARISON_GUIDE
76.49369251971898,81.6522293953987,50.0,0.8292766283343437,69.70044612833723,97.29651007339213,Product Defect,RELIABILITY_MESSAGING,WEBINAR_EVENT,COMPARISON_GUIDE
79.64199370292968,92.70466377393291,75.0,0.8470222210792127,81.90636466781224,36.3606740560293,Price Increase,PROMOTIONAL_OFFER,LINKEDIN_EMAIL,COMPARISON_GUIDE
89.82522567733933,76.21431611723713,50.0,0.8562908152252873,69.79798373704266,130.37801538604774,System Outage,COMPETITOR_SWITCHING,LINKEDIN_EMAIL,COMPARISON_GUIDE
79.5816383735124,94.1153313138764,50.0,0.8777190780718394,70.86541702066404,29.111628916416457,PR Crisis,PRODUCT_AWARENESS,CONTENT_MARKETING,CASE_STUDY
100.0,89.59053357024749,75.0,0.9386546253390013,87.29734821682318,52.761851379148,System Outage,COMPETITOR_SWITCHING,LINKEDIN_EMAIL,WHITE_PAPER
83.06386952531285,70.44323068755439,50.0,0.7657267549461075,69.91165532158132,168.17425873100206,Price Increase,RELIABILITY_MESSAGING,SOCIAL_ONLY,SOCIAL_CAMPAIGN
71.74643231327455,94.30332058523283,100.0,0.8347454079389323,87.42443484723911,28.153816308344332,PR Crisis,COMPETITOR_SWITCHING,SOCIAL_ONLY,CASE_STUDY
74.35033865344377,74.87551595150966,100.0,0.8896545510378083,82.14101497568724,138.8847545942531,Product Defect,RELIABILITY_MESSAGING,CONTENT_MARKETING,WHITE_PAPER
90.01703633591052,90.82882584081065,75.0,0.8660879237371973,87.85677107862263,46.17287306644519,Price Increase,RETENTION_DEFENSE,LINKEDIN_EMAIL,COMPARISON_GUIDE
80.52762966478991,97.5999504940954,50.0,0.9449624244448304,74.31185081755528,11.660735904865149,PR Crisis,RELIABILITY_MESSAGING,CONTENT_MARKETING,CASE_STUDY
73.15562926140936,90.00228621705647,50.0,0.8742108372191226,69.75438586964196,50.56085451298735,Layoffs,PRODUCT_AWARENESS,WEBINAR_EVENT,CASE_STUDY
74.67930826703504,81.49705135397734,50.0,0.8763009928242784,70.00203875120694,98.20960612875615,PR Crisis,PRODUCT_AWARENESS,WEBINAR_EVENT,COMPARISON_GUIDE
82.17590774595025,87.44915225840589,75.0,0.8304674691767481,83.53328311247859,64.37408572092761,PR Crisis,RELIABILITY_MESSAGING,CONTENT_MARKETING,CASE_STUDY
100.0,84.79396744872088,75.0,0.7517913747890406,89.38112278218641,79.17397646261152,System Outage,COMPETITOR_SWITCHING,LINKEDIN_EMAIL,COMPARISON_GUIDE
68.17698466107448,94.4408711276997,50.0,0.8379955530373978,70.85420810968279,27.454199843610553,Layoffs,PRODUCT_AWARENESS,CONTENT_MARKETING,CASE_STUDY
94.13464087858065,96.15171099091468,75.0,0.8512463238065174,86.44332448183391,18.836601165273017,System Outage,COMPETITOR_SWITCHING,LINKEDIN_EMAIL,COMPARISON_GUIDE
56.78129642205971,88.78986723602969,75.0,0.7706886120434954,67.54269851242536,57.07087209749493,Layoffs,PRODUCT_AWARENESS,CONTENT_MARKETING,CASE_STUDY
76.8051912615525,97.45470210334256,50.0,0.7441528165274001,75.29787472032781,12.375604681586344,Price Increase,PROMOTIONAL_OFFER,SOCIAL_ONLY,CASE_STUDY
91.49942063397496,89.55420088672629,50.0,0.7949479723857821,82.97090013029649,52.95655080341131,System Outage,COMPETITOR_SWITCHING,LINKEDIN_EMAIL,COMPARISON_GUIDE
79.90882743495797,92.94095327663001,100.0,0.8240134893193102,88.93732840666566,35.13878663047649,PR Crisis,PRODUCT_AWARENESS,SOCIAL_ONLY,CASE_STUDY
94.90032302377095,95.91183632071608,100.0,0.7388342026589123,93.44288261180942,20.03557830771829,System Outage,COMPETITOR_SWITCHING,WEBINAR_EVENT,COMPARISON_GUIDE
80.1128521600482,91.0624058601084,100.0,1.0,90.72380877308531,44.940065197191345,PR Crisis,PRODUCT_AWARENESS,CONTENT_MARKETING,CASE_STUDY
82.87734333747215,88.10609485100869,75.0,0.9107142871829412,82.64514863823021,60.78166770390676,Price Increase,PROMOTIONAL_OFFER,LINKEDIN_EMAIL,COMPARISON_GUIDE
90.52100551975938,99.38032891058434,50.0,0.8449925497680382,80.6447075055101,2.9836752930585906,Data Breach,COMPETITOR_SWITCHING,SOCIAL_ONLY,COMPARISON_GUIDE
92.7653663822024,98.93629318828127,50.0,0.7145634548643691,81.59035525577585,5.133142146812969,Data Breach,PROMOTIONAL_OFFER,LINKEDIN_EMAIL,COMPARISON_GUIDE
70.05704446424541,85.00430344654022,50.0,0.7617128546227383,64.69990249749051,77.98478495834033,PR Crisis,PRODUCT_AWARENESS,CONTENT_MARKETING,WHITE_PAPER
71.98419332924402,91.00584269475526,75.0,0.770829749074373,80.47697251610063,45.23830852581659,Product Defect,RELIABILITY_MESSAGING,CONTENT_MARKETING,WHITE_PAPER
90.08756303230845,98.02130266842937,100.0,0.832029348000238,93.50301679282467,9.592971250662659,System Outage,COMPETITOR_SWITCHING,LINKEDIN_EMAIL,COMPARISON_GUIDE
67.75518651121268,92.8227477170449,50.0,0.8018905884839029,70.58846278788363,35.7496559871408,Layoffs,PRODUCT_AWARENESS,CONTENT_MARKETING,COMPARISON_GUIDE
72.03503133234166,71.92931414554332,100.0,0.8852379790368319,83.1876361827204,158.15342264678043,Price Increase,PROMOTIONAL_OFFER,LINKEDIN_EMAIL,COMPARISON_GUIDE
69.62427916594991,92.32076240284385,50.0,0.8600179602118325,69.6871293049826,38.352539999693334,Product Defect,RELIABILITY_MESSAGING,CONTENT_MARKETING,WHITE_PAPER
95.61148751516141,84.27961025489567,100.0,0.893463842322911,92.9605944607682,82.094506305971,System Outage,PROMOTIONAL_OFFER,LINKEDIN_EMAIL,COMPARISON_GUIDE
82.00596108163445,97.64503162090593,50.0,0.7377915782560245,80.59504740529944,11.439076520647475,Price Increase,RETENTION_DEFENSE,SOCIAL_ONLY,COMPARISON_GUIDE
63.780683823043574,85.92873211939738,50.0,0.7945675841763273,67.89669640132803,72.79292619803753,Product Defect,RELIABILITY_MESSAGING,CONTENT_MARKETING,WHITE_PAPER
67.19775924255238,94.63722105478287,75.0,0.7961207500604905,78.32825833790342,26.45727843625969,Product Defect,RELIABILITY_MESSAGING,CONTENT_MARKETING,WHITE_PAPER
75.82326473370121,91.54532232290164,50.0,1.0,73.8416280848568,42.40128499519703,Price Increase,PROMOTIONAL_OFFER,SOCIAL_ONLY,SOCIAL_CAMPAIGN
91.32544792761101,81.98536532311034,100.0,0.8351769872897833,90.86614736851065,95.34212463417012,System Outage,COMPETITOR_SWITCHING,LINKEDIN_EMAIL,COMPARISON_GUIDE
65.21905735989554,91.08122480290666,50.0,0.8382398398697208,65.33809446477758,44.840878719548066,Layoffs,PRODUCT_AWARENESS,CONTENT_MARKETING,CASE_STUDY
81.33875612182231,95.16306744133257,100.0,0.8429374361318996,96.24384135643734,23.797567923129847,Price Increase,PROMOTIONAL_OFFER,LINKEDIN_EMAIL,COMPARISON_GUIDE
85.98162716015135,94.56369734607306,100.0,0.9811293444355254,94.71452797480667,26.830335631282356,Data Breach,COMPETITOR_SWITCHING,LINKEDIN_EMAIL,COMPARISON_GUIDE
85.52024568241677,62.25454253932033,75.0,0.895518646334822,78.64125428101988,227.49056677748973,Price Increase,PRODUCT_AWARENESS,LINKEDIN_EMAIL,COMPARISON_GUIDE
68.10436129506256,99.10848902635404,50.0,0.833713571191811,69.77273266025787,4.2984418110675815,Product Defect,RELIABILITY_MESSAGING,WEBINAR_EVENT,WHITE_PAPER
61.44350687619731,95.7097584569045,100.0,0.852726677460738,81.75038382543299,21.047963270900198,Layoffs,PRODUCT_AWARENESS,CONTENT_MARKETING,CASE_STUDY
71.16892955895374,80.88900484146728,50.0,0.7255283483037098,68.65952594678389,101.8042951915076,Product Defect,PROMOTIONAL_OFFER,CONTENT_MARKETING,WHITE_PAPER
75.58927974812946,96.15529894413527,100.0,0.9482135193978634,86.66301954510995,18.81869003923901,Layoffs,PRODUCT_AWARENESS,CONTENT_MARKETING,CASE_STUDY
73.36286193418852,93.93310623975937,100.0,0.8835215207492836,87.7179440831902,30.041900543155627,Layoffs,PRODUCT_AWARENESS,CONTENT_MARKETING,CASE_STUDY
91.59556358980458,72.89717184424418,50.0,0.8931004793957095,71.66602980303635,151.73776451017608,System Outage,COMPETITOR_SWITCHING,LINKEDIN_EMAIL,COMPARISON_GUIDE
65.8468041201804,98.98840653972618,50.0,0.7369028402476016,74.20217366075819,4.880375217713323,Layoffs,PRODUCT_AWARENESS,CONTENT_MARKETING,CASE_STUDY
93.46609803564314,95.81936551891013,75.0,0.9373048096475415,89.85052511174464,20.4985805513018,System Outage,COMPETITOR_SWITCHING,LINKEDIN_EMAIL,COMPARISON_GUIDE
59.538436176637106,61.31991634606657,75.0,0.8246873240244158,64.85734288642153,234.75143817830664,Layoffs,PRODUCT_AWARENESS,SOCIAL_ONLY,CASE_STUDY
73.90039089858291,83.14890917419213,50.0,1.0,70.29146479047955,88.57780761897465,Product Defect,RELIABILITY_MESSAGING,CONTENT_MARKETING,WHITE_PAPER
90.96024558245016,98.64291915679676,100.0,0.8252706828637999,96.98444607244394,6.558592090987542,Data Breach,COMPETITOR_SWITCHING,WEBINAR_EVENT,COMPARISON_GUIDE
72.91197979992032,88.39493565913659,75.0,0.787120843159364,75.52080671059353,59.21064331649323,Product Defect,RELIABILITY_MESSAGING,WEBINAR_EVENT,WHITE_PAPER
80.81897313448351,95.06771649417666,75.0,0.8906393061530035,87.65939052846,24.278756693116755,Data Breach,COMPETITOR_SWITCHING,LINKEDIN_EMAIL,COMPARISON_GUIDE
69.34273489673785,93.00649791661148,50.0,0.8495143270768085,72.31602488258187,34.8003960981811,PR Crisis,PRODUCT_AWARENESS,CONTENT_MARKETING,CASE_STUDY
75.40914679273783,95.32251380178161,50.0,0.8420888277447086,74.89729487014192,22.993997696020664,PR Crisis,PRODUCT_AWARENESS,WEBINAR_EVENT,CASE_STUDY
92.99797056640747,96.43141198725083,75.0,0.8360032194643673,87.11712150375254,17.442329740405764,Data Breach,PROMOTIONAL_OFFER,LINKEDIN_EMAIL,CASE_STUDY
77.68254921785201,95.84095926732628,50.0,0.778122561456717,74.9263790985267,20.390420458229105,PR Crisis,PRODUCT_AWARENESS,CONTENT_MARKETING,WHITE_PAPER
75.85248617520216,84.12490582061828,100.0,0.8479978433003884,87.21399881466692,82.976408419677,PR Crisis,PRODUCT_AWARENESS,CONTENT_MARKETING,CASE_STUDY
96.95103774508657,98.09658505828594,100.0,0.894624824508149,93.15795334831544,9.224462805819805,Data Breach,COMPETITOR_SWITCHING,LINKEDIN_EMAIL,COMPARISON_GUIDE
70.31978393455466,98.42983653176964,75.0,0.8012390238272573,79.78292192738186,7.59658133017253,Product Defect,RELIABILITY_MESSAGING,CONTENT_MARKETING,SOCIAL_CAMPAIGN
70.28324962448553,71.34679352291407,75.0,0.8923754203485385,68.41252009168001,162.0565359304371,Product Defect,RELIABILITY_MESSAGING,CONTENT_MARKETING,WHITE_PAPER
91.76735239403781,93.18804943375957,75.0,0.7748531684944996,86.87518067629976,33.86433478931039,System Outage,COMPETITOR_SWITCHING,LINKEDIN_EMAIL,COMPARISON_GUIDE
68.95152628579446,90.78736805001806,75.0,0.8979942983996964,75.38378687745322,46.39201365627666,PR Crisis,PRODUCT_AWARENESS,CONTENT_MARKETING,CASE_STUDY
92.08595232191283,99.36887790536672,100.0,0.8329245703255833,99.62649657407506,3.0389860296255065,Data Breach,COMPETITOR_SWITCHING,LINKEDIN_EMAIL,COMPARISON_GUIDE
70.74333728601056,66.26357690083591,100.0,0.8230331223105568,77.04910992980231,197.53430772753376,Product Defect,RELIABILITY_MESSAGING,CONTENT_MARKETING,SOCIAL_CAMPAIGN
67.94534421850408,98.71425320504446,75.0,0.8009277869167248,78.6874742759387,6.2116034891524485,Product Defect,RELIABILITY_MESSAGING,CONTENT_MARKETING,WHITE_PAPER
78.05911590729386,93.12596701920248,50.0,0.863633297790039,71.09283921590938,34.18422011686257,Price Increase,PROMOTIONAL_OFFER,SOCIAL_ONLY,SOCIAL_CAMPAIGN
94.56217624629583,90.6840304589113,50.0,0.6456863092078435,81.89871945867027,46.938678855313135,Data Breach,COMPETITOR_SWITCHING,LINKEDIN_EMAIL,COMPARISON_GUIDE
88.16560650792289,95.51866444922278,50.0,0.8320187678485853,81.337460554858,22.00728880238089,System Outage,PROMOTIONAL_OFFER,LINKEDIN_EMAIL,COMPARISON_GUIDE
78.41674985369386,87.60947495693638,100.0,0.8038791679418624,82.46745784426864,63.49489549724535,Price Increase,PROMOTIONAL_OFFER,WEBINAR_EVENT,COMPARISON_GUIDE
67.26877775873758,92.6224619102007,100.0,0.8813443204322037,82.70603721047085,36.78648217271319,Product Defect,RELIABILITY_MESSAGING,CONTENT_MARKETING,WHITE_PAPER
69.84530501422188,92.36719085703244,100.0,0.9457257201331593,85.33122011674455,38.111206896081335,Product Defect,RELIABILITY_MESSAGING,CONTENT_MARKETING,WHITE_PAPER
94.86347730245033,98.38738234315517,75.0,0.7753385632741443,92.29804106756042,7.803656818460373,System Outage,COMPETITOR_SWITCHING,CONTENT_MARKETING,COMPARISON_GUIDE
60.68547330624751,93.74144118524647,100.0,0.7402479085654915,79.16949888231946,31.022313277997654,Layoffs,PRODUCT_AWARENESS,CONTENT_MARKETING,CASE_STUDY
72.35585163746805,80.04022608451963,100.0,0.8332541058278506,85.2390613894198,106.86760878353984,Layoffs,PRODUCT_AWARENESS,CONTENT_MARKETING,CASE_STUDY
74.39588817239806,94.40702017543305,100.0,0.9042340697071415,87.10463850529771,27.626279681514905,Price Increase,PROMOTIONAL_OFFER,LINKEDIN_EMAIL,COMPARISON_GUIDE
90.78654106632752,89.79048952597614,100.0,0.801542806159733,93.80485061810919,51.691739314380584,Price Increase,PROMOTIONAL_OFFER,LINKEDIN_EMAIL,COMPARISON_GUIDE
83.99749626752075,90.92141841694884,50.0,0.8525603319252613,74.36858829140058,45.68380147732186,Price Increase,PROMOTIONAL_OFFER,SOCIAL_ONLY,SOCIAL_CAMPAIGN
82.29986071469558,93.07268180954388,75.0,0.7957827704198315,82.88378310576091,34.45894715162056,Price Increase,PROMOTIONAL_OFFER,LINKEDIN_EMAIL,COMPARISON_GUIDE
65.45021418826643,99.11787441425079,100.0,0.8207742758950313,86.28480861131162,4.252988864086969,Layoffs,RETENTION_DEFENSE,CONTENT_MARKETING,CASE_STUDY
58.26436855235152,95.78801194962384,75.0,0.7722708769191479,75.9026817644187,20.655669632010245,Layoffs,PRODUCT_AWARENESS,CONTENT_MARKETING,CASE_STUDY
75.78907421012005,97.97275898382722,75.0,0.9448563323730397,83.64536400052631,9.830743445279982,Product Defect,RELIABILITY_MESSAGING,WEBINAR_EVENT,WHITE_PAPER
69.98023842902909,90.66550231571001,100.0,0.7894563929144431,82.68656804159365,47.036760263425826,Layoffs,PRODUCT_AWARENESS,CONTENT_MARKETING,CASE_STUDY
77.48768756544692,98.71423659111038,75.0,0.9562555313479246,84.2218060223132,6.211684274740856,Price Increase,PROMOTIONAL_OFFER,LINKEDIN_EMAIL,COMPARISON_GUIDE
92.27943886040804,99.57235115994885,75.0,1.0,92.1947182723101,2.0571161908372337,Data Breach,COMPETITOR_SWITCHING,LINKEDIN_EMAIL,COMPARISON_GUIDE
83.996357875095,87.12192054174479,75.0,0.8930636863239706,84.38013398718104,66.1735981538407,PR Crisis,PRODUCT_AWARENESS,CONTENT_MARKETING,CASE_STUDY
88.17523635228558,76.8568834062507,50.0,0.7828632266128794,72.13760705367812,126.3480723083619,Data Breach,COMPETITOR_SWITCHING,LINKEDIN_EMAIL,COMPARISON_GUIDE
68.59351163261573,94.49937902520152,75.0,1.0,76.08080162916337,27.15692288249909,PR Crisis,PRODUCT_AWARENESS,CONTENT_MARKETING,CASE_STUDY
88.89373188207114,80.41493180251408,100.0,0.8278549360088864,87.00086593357503,104.6257478928265,Data Breach,RELIABILITY_MESSAGING,LINKEDIN_EMAIL,COMPARISON_GUIDE
84.5650011013715,84.42951693760318,50.0,0.8366302628970871,74.72001542280614,81.24149701318657,Price Increase,PROMOTIONAL_OFFER,SOCIAL_ONLY,SOCIAL_CAMPAIGN
88.75654436908226,83.15073768028867,50.0,0.9785876460815994,77.22503681238126,88.56725217952568,Data Breach,PRODUCT_AWARENESS,LINKEDIN_EMAIL,CASE_STUDY
68.67224516743828,89.87427658811298,50.0,0.8644817246962966,66.83751714749752,51.244041152842044,Layoffs,RELIABILITY_MESSAGING,CONTENT_MARKETING,CASE_STUDY
66.99843975876321,84.34480410949062,50.0,0.7978914484966536,67.1637748368838,81.72334947340062,Layoffs,PRODUCT_AWARENESS,CONTENT_MARKETING,CASE_STUDY
57.54031926764313,83.21866644226753,75.0,0.8747066410079171,73.88615752900799,88.17528338293458,Layoffs,PRODUCT_AWARENESS,CONTENT_MARKETING,CASE_STUDY
91.20376589744284,96.5298513562129,75.0,1.0,91.56321182317097,16.952584800077787,Data Breach,COMPETITOR_SWITCHING,LINKEDIN_EMAIL,CASE_STUDY
73.11774428450819,81.33356447097842,100.0,0.9531802203266196,84.99352975763672,99.17347560515772,Product Defect,RELIABILITY_MESSAGING,CONTENT_MARKETING,WHITE_PAPER
79.30772008008113,99.90628961398798,75.0,0.7520561410968507,85.85188394761906,0.4500207438938955,Price Increase,PROMOTIONAL_OFFER,LINKEDIN_EMAIL,COMPARISON_GUIDE
70.3664344875391,61.8484255083626,75.0,0.8332781394171179,67.50006053910582,230.63210116253467,PR Crisis,PRODUCT_AWARENESS,CONTENT_MARKETING,CASE_STUDY
87.09738275097638,92.22055036827561,50.0,0.8970862723536488,78.94479279261601,38.87385179268556,Data Breach,PRODUCT_AWARENESS,LINKEDIN_EMAIL,COMPARISON_GUIDE
97.23251967973289,97.93868757857079,75.0,0.945730518931652,89.55504833682564,9.997699230405603,Data Breach,COMPETITOR_SWITCHING,LINKEDIN_EMAIL,COMPARISON_GUIDE
79.3299141666354,86.6645465622845,100.0,0.8511750555783357,84.83161650437769,68.70014720772593,Price Increase,PROMOTIONAL_OFFER,LINKEDIN_EMAIL,CASE_STUDY
59.46845909385829,98.40080895920823,75.0,0.9077905086262217,75.06196002112226,7.738157200085707,Layoffs,PRODUCT_AWARENESS,CONTENT_MARKETING,WHITE_PAPER
98.63481925616702,80.46663432281234,100.0,0.8180291051508318,90.19621959970323,104.31723261422468,Data Breach,COMPETITOR_SWITCHING,LINKEDIN_EMAIL,COMPARISON_GUIDE
72.28597879978123,94.81821590254194,75.0,0.7279474948343924,82.38502449752944,25.540149271216187,Layoffs,PRODUCT_AWARENESS,CONTENT_MARKETING,COMPARISON_GUIDE
77.24070927053776,90.22955068587517,50.0,1.0,73.21804695962459,49.350335830782946,Price Increase,PROMOTIONAL_OFFER,SOCIAL_ONLY,SOCIAL_CAMPAIGN
76.56031306268086,92.08703421513206,75.0,1.0,83.16696795079825,39.569295388938265,Price Increase,PROMOTIONAL_OFFER,LINKEDIN_EMAIL,COMPARISON_GUIDE
70.12031262905731,96.90427808202519,100.0,0.8974021559360946,87.105322878381,15.094328934059966,Layoffs,PROMOTIONAL_OFFER,CONTENT_MARKETING,COMPARISON_GUIDE
81.56204310871315,99.2013147014438,75.0,0.8363852301980057,83.97875555526386,3.8490809982417185,PR Crisis,PRODUCT_AWARENESS,CONTENT_MARKETING,CASE_STUDY
68.48193723728357,85.60663453041913,75.0,0.9264244166856408,70.02763952821226,74.59555183073269,Layoffs,PRODUCT_AWARENESS,CONTENT_MARKETING,CASE_STUDY
94.0046831981473,98.41739309812134,100.0,0.7926542143517756,93.39401797454921,7.657266442890377,Data Breach,COMPETITOR_SWITCHING,LINKEDIN_EMAIL,COMPARISON_GUIDE
74.5865965707865,91.28475602991189,100.0,0.8402601993293373,87.5997611097131,43.76946146202052,PR Crisis,PRODUCT_AWARENESS,CONTENT_MARKETING,CASE_STUDY
77.88379033096535,94.67803733683915,100.0,0.9476826956420282,90.72112274037512,26.25030287753269,PR Crisis,PRODUCT_AWARENESS,CONTENT_MARKETING,CASE_STUDY
63.86757950575084,83.2656030068184,100.0,0.7732448610621216,82.92399544832796,87.90463256822547,Layoffs,PRODUCT_AWARENESS,CONTENT_MARKETING,CASE_STUDY
80.3131884176177,91.51958176402152,50.0,0.8108920462570981,72.34191502967552,42.53626956152347,Data Breach,COMPETITOR_SWITCHING,SOCIAL_ONLY,COMPARISON_GUIDE
80.70443123455603,96.51366330548636,50.0,0.7085248507549718,78.30179937977394,17.033087523834865,Price Increase,PROMOTIONAL_OFFER,SOCIAL_ONLY,CASE_STUDY
64.0252739578552,83.15415704272698,100.0,0.8910880085255773,79.49095501663635,88.54751380714217,Layoffs,PRODUCT_AWARENESS,CONTENT_MARKETING,CASE_STUDY
89.15041582144856,98.57751374725001,75.0,0.620219022937468,88.1447932026758,6.8769627310993275,System Outage,RELIABILITY_MESSAGING,LINKEDIN_EMAIL,SOCIAL_CAMPAIGN
63.1077297407677,93.36912699762252,75.0,0.9829007371638296,74.8396374824213,32.932531900648804,Layoffs,PRODUCT_AWARENESS,CONTENT_MARKETING,CASE_STUDY
61.988939698191096,91.00837950011828,50.0,0.8875019404860018,67.88870865422889,45.224928620008654,Layoffs,PRODUCT_AWARENESS,WEBINAR_EVENT,CASE_STUDY
67.13281089228882,89.8535188372222,50.0,0.8419876738816038,68.40183250772826,51.35491682956531,Product Defect,RELIABILITY_MESSAGING,CONTENT_MARKETING,SOCIAL_CAMPAIGN
75.61008706621719,78.92144088811206,50.0,0.7838495716768111,67.23990423160625,113.62427876238286,Price Increase,PROMOTIONAL_OFFER,SOCIAL_ONLY,SOCIAL_CAMPAIGN
70.38584905136584,86.72211798296361,75.0,0.9694150855167617,76.12872781335028,68.38138817266373,PR Crisis,PRODUCT_AWARENESS,CONTENT_MARKETING,CASE_STUDY
74.89316352825782,99.65866861517908,75.0,0.7902230656681741,82.55815457123586,1.6411931970215918,PR Crisis,PRODUCT_AWARENESS,WEBINAR_EVENT,SOCIAL_CAMPAIGN
64.34486804254028,94.84282462375417,50.0,0.9089475117673946,68.62813948990595,25.415588252090945,Product Defect,RELIABILITY_MESSAGING,CONTENT_MARKETING,COMPARISON_GUIDE
90.33495358612436,75.86758671581775,75.0,0.8912751374163279,81.17515886625667,132.56670974011772,Data Breach,COMPETITOR_SWITCHING,LINKEDIN_EMAIL,COMPARISON_GUIDE
76.97993862537436,97.03176036293134,50.0,0.9135411743697461,72.39292471269066,14.463280634433058,Price Increase,PROMOTIONAL_OFFER,SOCIAL_ONLY,SOCIAL_CAMPAIGN
66.46778966083315,93.9554439318228,50.0,0.7414734556301276,69.93373580499838,29.927768072271448,Layoffs,RELIABILITY_MESSAGING,CONTENT_MARKETING,CASE_STUDY
96.73953058162442,95.79091124674952,50.0,0.791232673856156,80.81258073264586,20.641141284139707,System Outage,COMPETITOR_SWITCHING,LINKEDIN_EMAIL,COMPARISON_GUIDE
66.00284598615471,92.85733857004416,100.0,0.9418909879542972,83.66725748518203,35.57081494970129,Layoffs,PRODUCT_AWARENESS,CONTENT_MARKETING,SOCIAL_CAMPAIGN
80.76157756788312,88.42250298720691,100.0,0.7837927823481023,89.00366968940807,59.06097122891781,Price Increase,PROMOTIONAL_OFFER,LINKEDIN_EMAIL,WHITE_PAPER
74.63930494007197,98.20381149735816,100.0,0.6162919613204314,88.42010498712848,8.70007572584719,Price Increase,PROMOTIONAL_OFFER,LINKEDIN_EMAIL,COMPARISON_GUIDE
100.0,94.83202975514966,50.0,0.8995323408804158,87.56459986596829,25.470224244328513,Data Breach,COMPETITOR_SWITCHING,SOCIAL_ONLY,COMPARISON_GUIDE
90.10396853837705,84.85740055543477,50.0,0.7917597647016692,75.20432630600516,78.81502984167035,Data Breach,COMPETITOR_SWITCHING,LINKEDIN_EMAIL,COMPARISON_GUIDE
79.70559095048638,85.70080127331295,100.0,0.7983228656700372,85.99409274888794,74.06784512693937,Price Increase,PROMOTIONAL_OFFER,LINKEDIN_EMAIL,WHITE_PAPER
62.58628238908984,86.81704828608147,100.0,0.773733711339303,78.18737137634005,67.85624389519278,Layoffs,PRODUCT_AWARENESS,CONTENT_MARKETING,CASE_STUDY
75.47496875678152,81.03943968498416,50.0,0.8266550984867564,66.37543779081454,100.91243526074341,PR Crisis,PRODUCT_AWARENESS,CONTENT_MARKETING,CASE_STUDY
84.4155488857358,92.55463579457496,50.0,0.8437730242389758,74.58571680986786,37.138108128188186,Price Increase,PROMOTIONAL_OFFER,SOCIAL_ONLY,SOCIAL_CAMPAIGN
94.97301311819233,89.85810289866953,100.0,0.8158913923035566,97.24352753527131,51.330429270286196,System Outage,COMPETITOR_SWITCHING,LINKEDIN_EMAIL,COMPARISON_GUIDE
75.56635205268883,96.67196559395066,50.0,0.7349377617346107,74.9532721293137,16.246433610674586,PR Crisis,PRODUCT_AWARENESS,CONTENT_MARKETING,SOCIAL_CAMPAIGN
96.84210977236337,90.42300672641957,50.0,0.8142142483472998,83.42577865034144,48.322296855997244,Data Breach,COMPETITOR_SWITCHING,LINKEDIN_EMAIL,SOCIAL_CAMPAIGN
65.33927755263701,98.29547807556492,100.0,0.9182218940097775,87.58950137097983,8.252237356287282,Layoffs,PRODUCT_AWARENESS,CONTENT_MARKETING,CASE_STUDY
73.28180434914275,96.26251892936327,100.0,0.8232179734314767,87.38418049198208,18.283754150194095,Product Defect,RELIABILITY_MESSAGING,CONTENT_MARKETING,WHITE_PAPER
85.22438710325324,94.36125612487139,75.0,0.8838879252474768,83.42652384867705,27.859017354713853,Data Breach,COMPETITOR_SWITCHING,SOCIAL_ONLY,COMPARISON_GUIDE
96.01836042446548,80.72995063740956,100.0,0.8519375565338206,95.45077047183993,102.7490611364291,System Outage,COMPETITOR_SWITCHING,LINKEDIN_EMAIL,COMPARISON_GUIDE
69.60179304377142,66.0863122055904,100.0,0.8861897436999787,79.96407784504457,198.82009806965635,Product Defect,RELIABILITY_MESSAGING,CONTENT_MARKETING,WHITE_PAPER
97.16171015608751,98.20168817630888,75.0,0.835028458799636,92.79665050668739,8.71045419391847,Data Breach,COMPETITOR_SWITCHING,LINKEDIN_EMAIL,COMPARISON_GUIDE
95.93693025782376,88.06755597657052,100.0,1.0,93.18429524199998,60.99167254786052,Data Breach,COMPETITOR_SWITCHING,LINKEDIN_EMAIL,COMPARISON_GUIDE
67.98221169780335,82.25733793911118,75.0,0.8634768781015691,77.00528113207062,93.7524409232908,Layoffs,PRODUCT_AWARENESS,CONTENT_MARKETING,CASE_STUDY
84.96728717360179,93.82785347631744,75.0,0.9411902848903236,84.30447287604893,30.580045765894155,Data Breach,RETENTION_DEFENSE,LINKEDIN_EMAIL,SOCIAL_CAMPAIGN
96.52984958663595,95.6680996949876,50.0,0.9537595637248887,82.26663361855289,21.2569342169547,Data Breach,COMPETITOR_SWITCHING,LINKEDIN_EMAIL,COMPARISON_GUIDE
75.00348883852544,88.29520810709917,75.0,0.8096180063017426,77.85938841474177,59.75248712329361,Price Increase,PROMOTIONAL_OFFER,LINKEDIN_EMAIL,COMPARISON_GUIDE
72.94645670448791,95.81393175609088,100.0,0.9792300551575553,87.27812127019975,20.525801354690696,PR Crisis,PRODUCT_AWARENESS,CONTENT_MARKETING,CASE_STUDY
96.08579260412748,95.74858490077773,50.0,0.9717052841537961,81.95284610908989,20.85328182753461,Data Breach,PRODUCT_AWARENESS,LINKEDIN_EMAIL,COMPARISON_GUIDE
76.12566174083938,67.9210461340051,100.0,0.7777038511415897,81.4752970999805,185.67563599655477,Product Defect,RELIABILITY_MESSAGING,WEBINAR_EVENT,WHITE_PAPER
89.10480104420098,89.052822025851,100.0,0.9450143510769251,91.55363353640234,55.651433473194544,System Outage,COMPETITOR_SWITCHING,LINKEDIN_EMAIL,COMPARISON_GUIDE
82.62132338821584,83.40801807877422,50.0,0.9197037837965795,70.3789754184251,87.08435578141592,Price Increase,PROMOTIONAL_OFFER,CONTENT_MARKETING,SOCIAL_CAMPAIGN
70.63189789773206,96.42264985005275,100.0,1.0,89.23691933550143,17.48594640907114,Product Defect,RELIABILITY_MESSAGING,CONTENT_MARKETING,WHITE_PAPER
68.41625576588972,75.68766803278238,50.0,0.8780504079418847,66.05117697648592,133.70637340364993,PR Crisis,PRODUCT_AWARENESS,CONTENT_MARKETING,WHITE_PAPER
73.17360734280885,97.03006749614427,75.0,0.9387759873564978,81.4238587730267,14.471655038268969,Product Defect,RELIABILITY_MESSAGING,CONTENT_MARKETING,WHITE_PAPER
98.25190894360634,92.1089335749518,50.0,0.8393893002893941,79.9843850405868,39.45515941854626,System Outage,COMPETITOR_SWITCHING,LINKEDIN_EMAIL,COMPARISON_GUIDE
95.53540334643486,92.39394960972906,75.0,0.8403695068837121,88.93821985002282,37.97217115131669,Data Breach,COMPETITOR_SWITCHING,LINKEDIN_EMAIL,COMPARISON_GUIDE
74.68276968027926,98.83341993664742,75.0,0.8071737451236861,81.8420672884976,5.632502382084408,PR Crisis,PRODUCT_AWARENESS,CONTENT_MARKETING,CASE_STUDY
66.65990165284508,96.76782904783552,50.0,0.8652399743823252,69.82386490988743,15.77068391587293,Layoffs,PRODUCT_AWARENESS,CONTENT_MARKETING,CASE_STUDY
98.75293426917888,78.53278709014403,75.0,0.9091048384710002,86.79174480274088,115.99390966147061,System Outage,COMPETITOR_SWITCHING,LINKEDIN_EMAIL,COMPARISON_GUIDE
60.32280648977702,83.79136412926368,50.0,0.9368785692940026,65.58529300706381,84.88331383703557,Layoffs,RELIABILITY_MESSAGING,CONTENT_MARKETING,CASE_STUDY
93.06761641374013,98.81273090238419,100.0,0.8793829850721072,100.0,5.732992439092523,System Outage,COMPETITOR_SWITCHING,LINKEDIN_EMAIL,COMPARISON_GUIDE
63.88267008814074,99.87526177812627,100.0,0.8220546563105442,81.74524646465194,0.599117206801345,Layoffs,PRODUCT_AWARENESS,LINKEDIN_EMAIL,CASE_STUDY
88.51866278245559,91.2817521722637,100.0,0.7657054064682917,90.65638492150296,43.785256819947456,Data Breach,COMPETITOR_SWITCHING,WEBINAR_EVENT,CASE_STUDY
74.75153795986787,80.02405659786676,50.0,0.986849069806554,70.37644151443017,106.96458674126669,Product Defect,RELIABILITY_MESSAGING,CONTENT_MARKETING,WHITE_PAPER
91.75334344039803,99.64776636826613,75.0,0.8556041730490545,91.41942389185542,1.6937060877756722,System Outage,COMPETITOR_SWITCHING,LINKEDIN_EMAIL,COMPARISON_GUIDE
70.36323432904713,99.01925633757696,100.0,0.8690695186187828,88.38138168748971,4.730806227574153,PR Crisis,PRODUCT_AWARENESS,CONTENT_MARKETING,CASE_STUDY
83.20965267480776,83.79666034725555,100.0,0.8651665293278995,90.42495135923406,84.85297533707543,Price Increase,PROMOTIONAL_OFFER,LINKEDIN_EMAIL,COMPARISON_GUIDE
81.48383853500381,96.25991337583726,50.0,0.9042300255624726,79.41962153172886,18.29674656544239,System Outage,COMPETITOR_SWITCHING,LINKEDIN_EMAIL,COMPARISON_GUIDE
68.23993462573263,91.20038286990349,100.0,0.8390041188297847,86.56183780566998,44.213323575221295,Product Defect,RELIABILITY_MESSAGING,CONTENT_MARKETING,WHITE_PAPER
83.06139128994323,91.43200423575603,75.0,0.9551931562867237,81.12532003236811,42.99581427165662,PR Crisis,PRODUCT_AWARENESS,CONTENT_MARKETING,CASE_STUDY
83.91435121790673,93.06997469429193,100.0,0.8303150009496041,89.80023970481788,34.47290865131587,Price Increase,PROMOTIONAL_OFFER,LINKEDIN_EMAIL,COMPARISON_GUIDE
100.0,74.03434986481413,50.0,0.835929135005413,80.16846290625577,144.30768629913325,Data Breach,COMPETITOR_SWITCHING,SOCIAL_ONLY,COMPARISON_GUIDE
68.05571827324772,93.18570565259748,50.0,0.8001880510612438,70.56721391555281,33.87640746507251,Layoffs,PRODUCT_AWARENESS,CONTENT_MARKETING,COMPARISON_GUIDE
86.28764707150975,93.80431005135922,75.0,0.7443981991023435,84.71596258999575,30.70050319522602,Data Breach,COMPETITOR_SWITCHING,LINKEDIN_EMAIL,CASE_STUDY
64.66072636782003,97.84087465091095,75.0,0.7296223700775198,79.2366648697805,10.477322421390863,PR Crisis,PRODUCT_AWARENESS,CONTENT_MARKETING,COMPARISON_GUIDE
90.41219876467251,99.94480511860888,100.0,0.7333958800428055,98.31728020759782,0.2650085729908691,Data Breach,PRODUCT_AWARENESS,LINKEDIN_EMAIL,COMPARISON_GUIDE
92.11234953246223,91.86274967103691,75.0,0.6999862024283404,87.13381687259081,40.73979564438301,System Outage,COMPETITOR_SWITCHING,LINKEDIN_EMAIL,COMPARISON_GUIDE
69.1993360221668,99.09292883706193,50.0,0.9037072061160373,70.63517237276648,4.373808485595628,Product Defect,RELIABILITY_MESSAGING,CONTENT_MARKETING,WHITE_PAPER
81.34330713341886,95.85379944988381,75.0,0.9360805710878879,83.83608598567658,20.326117316316747,Price Increase,PROMOTIONAL_OFFER,LINKEDIN_EMAIL,SOCIAL_CAMPAIGN
99.50595342876504,61.04239432960963,75.0,0.8451471348948303,79.8168759659834,236.9287556149493,Data Breach,COMPETITOR_SWITCHING,LINKEDIN_EMAIL,COMPARISON_GUIDE
76.73551613794218,95.10557111671602,100.0,0.7057488258995244,86.05760590418069,24.087665512150796,Price Increase,PROMOTIONAL_OFFER,LINKEDIN_EMAIL,COMPARISON_GUIDE
96.33563325505742,91.06240304302979,50.0,0.8906980018583947,82.6954695847526,44.94008004632413,System Outage,COMPETITOR_SWITCHING,LINKEDIN_EMAIL,COMPARISON_GUIDE
67.28813839280602,73.32681347760975,75.0,0.8113551158653248,71.70688542437642,148.9170429023115,Product Defect,RELIABILITY_MESSAGING,CONTENT_MARKETING,WHITE_PAPER
73.06110314127713,98.79147344269967,100.0,0.9217471452692425,87.1972955230844,5.836265349927024,Layoffs,PROMOTIONAL_OFFER,CONTENT_MARKETING,CASE_STUDY
63.9542419045565,95.49910170157523,75.0,0.8331095808937844,74.7570682179928,22.10560550969949,PR Crisis,PRODUCT_AWARENESS,CONTENT_MARKETING,CASE_STUDY
64.34371516453848,99.16770991679658,100.0,0.8561481506367015,86.5116472229129,4.01171018710847,Layoffs,PRODUCT_AWARENESS,CONTENT_MARKETING,CASE_STUDY
89.15845883018966,89.54448331656958,75.0,0.7627680738045723,87.84859328653928,53.00863866436404,Data Breach,COMPETITOR_SWITCHING,LINKEDIN_EMAIL,COMPARISON_GUIDE
69.50705933857869,90.38548180473333,50.0,0.8515079698355877,70.33191637134146,48.52153487645004,Product Defect,RELIABILITY_MESSAGING,CONTENT_MARKETING,WHITE_PAPER
73.79469300060974,81.3094116791181,50.0,0.8010050100287649,69.63370775439154,99.31603743540208,Product Defect,RELIABILITY_MESSAGING,CONTENT_MARKETING,WHITE_PAPER
69.28136896339669,99.8823125798811,75.0,0.8586847764621218,76.7830465893505,0.5652322854951373,PR Crisis,PRODUCT_AWARENESS,CONTENT_MARKETING,CASE_STUDY
76.77215285675763,93.56130487636646,100.0,0.806102007380723,88.96294240789523,31.945582762711638,Price Increase,PROMOTIONAL_OFFER,LINKEDIN_EMAIL,COMPARISON_GUIDE
75.799281959987,95.88385203746955,75.0,0.7677859887259233,83.29578841260097,20.175648777170778,PR Crisis,PRODUCT_AWARENESS,CONTENT_MARKETING,CASE_STUDY
76.4366219507607,82.95899885447405,100.0,0.7983018152124958,89.01297022186552,89.67537117587366,Product Defect,RELIABILITY_MESSAGING,WEBINAR_EVENT,WHITE_PAPER
64.0318158412176,96.40872166236527,100.0,0.9235323338888001,84.00380366220865,17.555287098287735,Product Defect,RELIABILITY_MESSAGING,SOCIAL_ONLY,WHITE_PAPER
97.16711209912584,85.20268632387405,50.0,0.8730954903423885,79.94829441435499,76.86586705292864,Data Breach,COMPETITOR_SWITCHING,CONTENT_MARKETING,COMPARISON_GUIDE
89.32845629264726,96.23281806035423,75.0,0.9148646618527826,83.4299126694411,18.431876358871065,Data Breach,COMPETITOR_SWITCHING,LINKEDIN_EMAIL,COMPARISON_GUIDE
75.85622894660771,91.21982108099478,100.0,0.9326036963473325,89.96184817659669,44.11102853161264,Product Defect,RELIABILITY_MESSAGING,WEBINAR_EVENT,WHITE_PAPER
69.54516784892401,94.52509781937057,75.0,0.8171348569636332,76.74678797615739,27.02630465269733,PR Crisis,PRODUCT_AWARENESS,CONTENT_MARKETING,CASE_STUDY
87.84921682204082,99.74256040159597,50.0,0.9548246996895686,82.85382247087503,1.2373034110404797,Data Breach,COMPETITOR_SWITCHING,LINKEDIN_EMAIL,COMPARISON_GUIDE
92.18915986710849,94.86641946241126,50.0,0.8332622501004378,82.55619450953229,25.29618950936382,System Outage,COMPETITOR_SWITCHING,LINKEDIN_EMAIL,COMPARISON_GUIDE
84.08296905866735,91.11165763960042,75.0,0.7512520902496063,82.28175639704128,44.68052380828011,Data Breach,COMPETITOR_SWITCHING,LINKEDIN_EMAIL,COMPARISON_GUIDE
94.86797121520536,88.99738988223213,75.0,0.8724128927055685,87.05446543491749,55.950309048927586,System Outage,COMPETITOR_SWITCHING,LINKEDIN_EMAIL,COMPARISON_GUIDE
59.26667642739548,99.72115985908405,50.0,0.8937027398402959,68.6358630683053,1.340302196300415,Layoffs,PROMOTIONAL_OFFER,CONTENT_MARKETING,CASE_STUDY
77.81807054736716,99.68604343035813,100.0,0.8412312156859335,88.83675029199262,1.5093621468401537,Price Increase,PROMOTIONAL_OFFER,LINKEDIN_EMAIL,COMPARISON_GUIDE
68.19094330383716,99.76398817607802,75.0,0.8292963149866318,82.90286811536771,1.134195699897627,Product Defect,RELIABILITY_MESSAGING,CONTENT_MARKETING,WHITE_PAPER
82.8045972397062,98.7730351221359,50.0,0.8263615745576671,77.56688129068925,5.925860327897535,Price Increase,PROMOTIONAL_OFFER,SOCIAL_ONLY,CASE_STUDY
76.1449121253054,80.30914279417918,100.0,0.9438499710069312,85.2899920727721,105.25762250726919,PR Crisis,PRODUCT_AWARENESS,SOCIAL_ONLY,CASE_STUDY
64.46348927997886,95.24700916459902,50.0,0.8858173540648222,70.41741433415629,23.374354714078088,Layoffs,PRODUCT_AWARENESS,CONTENT_MARKETING,CASE_STUDY
79.80519361497292,98.33986094862749,75.0,0.9886011999588074,88.38663602296268,8.035554235770556,Data Breach,RETENTION_DEFENSE,CONTENT_MARKETING,SOCIAL_CAMPAIGN
68.19025550720379,94.35926760827458,75.0,0.8900675579955566,75.95707847222198,27.869132714163143,Layoffs,PRODUCT_AWARENESS,CONTENT_MARKETING,CASE_STUDY
85.63295182956095,97.85879803372136,75.0,0.8365484945132168,85.16663898654653,10.38939970128585,Data Breach,COMPETITOR_SWITCHING,LINKEDIN_EMAIL,COMPARISON_GUIDE
55.10350094812106,91.68041078777452,75.0,0.9098328204894027,71.7017976426542,41.69349713388348,Layoffs,PRODUCT_AWARENESS,CONTENT_MARKETING,CASE_STUDY
84.459177344046,90.62748789295048,50.0,0.6475769981802936,75.39990886174333,47.23805787753654,Data Breach,COMPETITOR_SWITCHING,WEBINAR_EVENT,COMPARISON_GUIDE
75.50479817499286,90.76173913658913,75.0,1.0,79.03461205159991,46.5275348793578,Product Defect,RELIABILITY_MESSAGING,CONTENT_MARKETING,WHITE_PAPER
68.62083956715031,99.59821765013973,100.0,1.0,84.32186046511174,1.9324399855564902,PR Crisis,PRODUCT_AWARENESS,CONTENT_MARKETING,CASE_STUDY
81.26869830747287,92.66073013522961,100.0,0.8874154537412346,89.5821722258844,36.58820462716476,Price Increase,PROMOTIONAL_OFFER,LINKEDIN_EMAIL,COMPARISON_GUIDE
76.40060694484724,85.37727453809191,100.0,0.8997257511884841,85.4342044672792,75.88330882436009,PR Crisis,PROMOTIONAL_OFFER,CONTENT_MARKETING,CASE_STUDY
81.88550196951093,93.60839847350708,75.0,0.8476589749052017,83.84726710468361,31.704038039394295,Price Increase,PROMOTIONAL_OFFER,LINKEDIN_EMAIL,COMPARISON_GUIDE
70.22948357747934,95.40366776221852,75.0,0.7775414159309905,77.90536108235966,22.58551782145748,Layoffs,PRODUCT_AWARENESS,CONTENT_MARKETING,CASE_STUDY
92.02169352978254,93.09072538787372,100.0,0.9599550474536653,100.0,34.36590074947498,System Outage,RETENTION_DEFENSE,LINKEDIN_EMAIL,COMPARISON_GUIDE
68.65140734221332,81.81770839261996,75.0,0.8456084799506971,75.07698360438663,96.32471125983105,Product Defect,RELIABILITY_MESSAGING,CONTENT_MARKETING,WHITE_PAPER
77.60561214189669,91.83092425323277,100.0,0.9016172468760045,90.92313417114526,40.906118200543816,PR Crisis,PRODUCT_AWARENESS,CONTENT_MARKETING,CASE_STUDY
68.97772510157388,79.96533290430753,75.0,0.897484537782469,68.19991264259325,107.31695228578161,Product Defect,RELIABILITY_MESSAGING,CONTENT_MARKETING,WHITE_PAPER
78.27950388264881,99.80717445413198,100.0,0.865578895577502,95.1680811703824,0.9264561295481204,PR Crisis,PRODUCT_AWARENESS,CONTENT_MARKETING,CASE_STUDY
63.79292794789897,87.96175733055031,50.0,0.7881697865741113,67.71980295257376,61.56866004216502,Layoffs,PRODUCT_AWARENESS,CONTENT_MARKETING,CASE_STUDY
85.14171632729357,84.9432010092916,50.0,0.7396305468168856,72.7509470083541,78.32994061375302,Data Breach,COMPETITOR_SWITCHING,LINKEDIN_EMAIL,COMPARISON_GUIDE
76.58020249100451,72.9276095467077,50.0,0.9262500036300869,68.5365347006087,151.53738570960041,Price Increase,PROMOTIONAL_OFFER,SOCIAL_ONLY,SOCIAL_CAMPAIGN
68.62547893423998,87.3811448698712,100.0,0.8912942629691967,84.50729465685352,64.74751697030851,Layoffs,PRODUCT_AWARENESS,CONTENT_MARKETING,CASE_STUDY
77.0307991887668,86.37254431829274,50.0,0.9451130697179714,73.14069066539668,70.32016069094479,Price Increase,PROMOTIONAL_OFFER,SOCIAL_ONLY,SOCIAL_CAMPAIGN
81.75724103770791,99.07650492819306,75.0,0.9356120190653142,83.28536523464369,4.453371474955956,Price Increase,PROMOTIONAL_OFFER,LINKEDIN_EMAIL,COMPARISON_GUIDE
69.87986070959698,94.89988392690121,100.0,0.7959857380020494,86.13287212047813,25.126897671616092,Product Defect,RELIABILITY_MESSAGING,CONTENT_MARKETING,WHITE_PAPER
86.0379003950002,84.77677410234674,100.0,0.8253630776288767,89.9085739631244,79.27131408362305,Data Breach,RETENTION_DEFENSE,LINKEDIN_EMAIL,COMPARISON_GUIDE
83.0430372117837,96.50209503921717,100.0,0.8500964380289779,90.53366613434225,17.090624461372897,Price Increase,PROMOTIONAL_OFFER,WEBINAR_EVENT,COMPARISON_GUIDE
78.29622834216202,99.48601316112281,75.0,0.9250056110101247,83.3415665391826,2.47349901581023,PR Crisis,COMPETITOR_SWITCHING,CONTENT_MARKETING,CASE_STUDY
61.45213853523388,96.56083507967485,75.0,0.7884686120170161,74.16929973577827,16.79854125024235,Layoffs,PRODUCT_AWARENESS,CONTENT_MARKETING,CASE_STUDY
69.14737420965874,96.19561163990494,50.0,0.8344939088981757,68.43604709097323,18.61749427474798,Layoffs,PRODUCT_AWARENESS,CONTENT_MARKETING,CASE_STUDY
89.33741660229052,90.2760988906281,50.0,0.8547946104213062,78.37255018402102,49.10277417463414,Data Breach,COMPETITOR_SWITCHING,LINKEDIN_EMAIL,COMPARISON_GUIDE
86.80329297919326,98.69698526672454,75.0,0.745294368070471,86.84634133698933,6.295576524110912,Price Increase,PROMOTIONAL_OFFER,LINKEDIN_EMAIL,COMPARISON_GUIDE
75.0185476190534,94.20795677089092,50.0,0.9940408945208683,75.7476987847675,28.639459771492888,Product Defect,RELIABILITY_MESSAGING,WEBINAR_EVENT,WHITE_PAPER
66.04829707637313,97.2681900670253,50.0,0.8106691051494361,72.28652109497095,13.295124762792502,Layoffs,RELIABILITY_MESSAGING,SOCIAL_ONLY,CASE_STUDY
97.79724537997518,84.96397060449213,75.0,0.9348167925999104,92.62740941115987,78.21258940778301,System Outage,COMPETITOR_SWITCHING,LINKEDIN_EMAIL,WHITE_PAPER
81.96207983589383,96.88317382454902,75.0,0.8092829099434,80.68310175270936,15.198876917213113,Price Increase,PROMOTIONAL_OFFER,LINKEDIN_EMAIL,COMPARISON_GUIDE
64.85958067203511,98.57354965044132,50.0,0.8080729281652326,70.82060690801389,6.8962653555502165,Layoffs,PROMOTIONAL_OFFER,CONTENT_MARKETING,CASE_STUDY
70.887900338089,99.99865298830825,100.0,0.9396824533859577,87.10237596728494,0.0064656996673283385,PR Crisis,COMPETITOR_SWITCHING,CONTENT_MARKETING,CASE_STUDY
70.07689490686053,96.81968925531108,100.0,0.8237684226789665,87.38704610705548,15.513509275669426,Product Defect,RELIABILITY_MESSAGING,WEBINAR_EVENT,WHITE_PAPER
79.12549132333817,96.2694418942222,100.0,0.780629582743128,89.98507829776226,18.249234965747988,PR Crisis,COMPETITOR_SWITCHING,CONTENT_MARKETING,COMPARISON_GUIDE
91.1123048007751,96.8966767011873,75.0,0.8119023301164272,89.76270329209169,15.13198264746029,System Outage,COMPETITOR_SWITCHING,LINKEDIN_EMAIL,COMPARISON_GUIDE
81.31280664500963,94.4703774039372,100.0,0.8654871929094036,90.41371413683751,27.304256282078224,Price Increase,PROMOTIONAL_OFFER,LINKEDIN_EMAIL,COMPARISON_GUIDE
83.78026661039323,71.70270623604739,75.0,0.8712289879519702,76.35740119974834,159.66801370409837,Price Increase,PROMOTIONAL_OFFER,LINKEDIN_EMAIL,COMPARISON_GUIDE
62.80591420861786,90.46918714969206,100.0,0.8392576670250956,83.30760919085077,48.077216035455734,PR Crisis,PRODUCT_AWARENESS,CONTENT_MARKETING,COMPARISON_GUIDE
75.91798006949479,89.60340284776056,50.0,0.8570926072769149,72.64284429693727,52.69290648803867,Price Increase,PROMOTIONAL_OFFER,SOCIAL_ONLY,SOCIAL_CAMPAIGN
86.91174052282825,85.87776331596443,50.0,0.824714171517836,74.65180555543344,73.07772365349507,Data Breach,COMPETITOR_SWITCHING,LINKEDIN_EMAIL,COMPARISON_GUIDE
70.69888484883118,95.63449583989114,100.0,0.8500422367085277,88.17231618935804,21.42556601797234,Product Defect,RELIABILITY_MESSAGING,CONTENT_MARKETING,WHITE_PAPER
87.7807259193323,97.68414662944629,100.0,0.666305523749021,91.60840584242753,11.246834844124598,System Outage,COMPETITOR_SWITCHING,LINKEDIN_EMAIL,COMPARISON_GUIDE
72.91751182460266,99.4636898979745,100.0,0.8137401272781589,91.91104676817491,2.5812163553326952,Price Increase,PROMOTIONAL_OFFER,LINKEDIN_EMAIL,COMPARISON_GUIDE
81.63372382301161,97.64566094346459,75.0,0.8740379487688662,83.70600676609911,11.435982928995,Price Increase,PROMOTIONAL_OFFER,LINKEDIN_EMAIL,COMPARISON_GUIDE
100.0,80.88376564577388,100.0,0.9036384493792969,92.12141522765185,101.83538588651328,System Outage,COMPETITOR_SWITCHING,WEBINAR_EVENT,COMPARISON_GUIDE
72.23120616991967,98.54195156699419,75.0,0.9154311726420022,83.50425168865316,7.050155639073002,Price Increase,PROMOTIONAL_OFFER,LINKEDIN_EMAIL,COMPARISON_GUIDE
69.05031152026345,96.27848880167336,50.0,0.7548470485706138,74.78901715511931,18.204129151688484,Layoffs,PRODUCT_AWARENESS,CONTENT_MARKETING,CASE_STUDY
90.49689632676066,80.17783029813587,100.0,0.9010713540486706,88.49514194704888,106.04310697310359,System Outage,PROMOTIONAL_OFFER,LINKEDIN_EMAIL,COMPARISON_GUIDE
67.93732118289499,99.4033110732402,100.0,0.8532735340316576,84.99154688356711,2.872685896497892,PR Crisis,PRODUCT_AWARENESS,CONTENT_MARKETING,CASE_STUDY
78.70412172710063,99.85208544462654,100.0,0.8089429146822732,88.38663614376131,0.710515473333202,PR Crisis,PRODUCT_AWARENESS,CONTENT_MARKETING,CASE_STUDY
74.33092202456558,99.8050218132093,75.0,0.8317120067727984,80.18517660457199,0.9368088801541015,Price Increase,COMPETITOR_SWITCHING,LINKEDIN_EMAIL,COMPARISON_GUIDE
67.18833170602345,92.70924725513846,100.0,0.8347177789919864,84.53336207628537,36.33694260063948,Price Increase,PROMOTIONAL_OFFER,LINKEDIN_EMAIL,COMPARISON_GUIDE
65.07509613297145,93.95259241051338,100.0,0.8517972714249636,85.31005440669301,29.94233615839771,Layoffs,PRODUCT_AWARENESS,CONTENT_MARKETING,CASE_STUDY
74.09593592345577,86.18119280265037,50.0,0.9391457355735098,70.73424582255636,71.38474227220789,Price Increase,PROMOTIONAL_OFFER,SOCIAL_ONLY,COMPARISON_GUIDE
97.73785047514463,68.86461168273715,100.0,0.9038288988773455,90.93815196236176,179.05332405772054,Data Breach,COMPETITOR_SWITCHING,LINKEDIN_EMAIL,CASE_STUDY
63.22979644529488,99.82307437117953,50.0,0.8041118581682479,72.20054778774677,0.8499951699103201,Layoffs,PRODUCT_AWARENESS,CONTENT_MARKETING,CASE_STUDY
61.28885239904183,92.96259969317472,75.0,0.7508714339476878,71.96927033606426,35.02700522745936,Layoffs,PRODUCT_AWARENESS,WEBINAR_EVENT,CASE_STUDY
95.82380420618259,82.88040674408363,50.0,0.8540710161484815,79.5340835002528,90.13031993398518,System Outage,COMPETITOR_SWITCHING,LINKEDIN_EMAIL,COMPARISON_GUIDE
93.3848319366977,94.05898078881435,100.0,0.7219276817218787,93.91463296176289,29.399109737109406,Data Breach,COMPETITOR_SWITCHING,LINKEDIN_EMAIL,COMPARISON_GUIDE
69.48372619925476,87.14364052714679,75.0,0.7185448951076666,75.04649531754644,66.05394636512236,Product Defect,PRODUCT_AWARENESS,CONTENT_MARKETING,WHITE_PAPER
94.79415261543726,72.8688205259774,100.0,0.8516709190636769,90.2397090154055,151.92448341104432,System Outage,COMPETITOR_SWITCHING,LINKEDIN_EMAIL,COMPARISON_GUIDE
73.6991761741371,97.84409490043144,50.0,0.8006910873568418,74.51052814140573,10.461524378510793,Price Increase,PROMOTIONAL_OFFER,SOCIAL_ONLY,SOCIAL_CAMPAIGN
90.02909953799106,85.89750274167056,100.0,0.7610833634450375,92.27390019456159,72.96740597391167,System Outage,COMPETITOR_SWITCHING,LINKEDIN_EMAIL,COMPARISON_GUIDE
82.49110874248393,95.2057944970154,75.0,0.9412119230817013,81.71814654490036,23.58210214933348,Price Increase,PROMOTIONAL_OFFER,LINKEDIN_EMAIL,COMPARISON_GUIDE
99.24281017237874,95.85425229238056,100.0,0.8312784112714414,99.38611650555833,20.323849655710216,System Outage,COMPETITOR_SWITCHING,LINKEDIN_EMAIL,COMPARISON_GUIDE
84.9366725829455,88.42594488914737,50.0,0.8439239181085981,73.3242922676268,59.042287288499146,Price Increase,PROMOTIONAL_OFFER,SOCIAL_ONLY,SOCIAL_CAMPAIGN
94.22089262835449,72.84386767338489,75.0,0.7213871178305553,82.41099851114872,152.08888047913067,System Outage,COMPETITOR_SWITCHING,LINKEDIN_EMAIL,COMPARISON_GUIDE
100.0,99.21011477108298,100.0,0.8505439875647998,100.0,3.8065024689624387,System Outage,COMPETITOR_SWITCHING,LINKEDIN_EMAIL,COMPARISON_GUIDE
86.91181695302876,94.02997494508652,100.0,0.6730510470936394,96.04058666733012,29.547154634752665,Data Breach,COMPETITOR_SWITCHING,LINKEDIN_EMAIL,COMPARISON_GUIDE
67.88021423774927,99.48859993018141,50.0,0.8286678136612468,72.89438916965773,2.4610185377340885,PR Crisis,PRODUCT_AWARENESS,CONTENT_MARKETING,CASE_STUDY
81.8554702565696,97.26760687965962,50.0,0.7221500518493001,77.84681549868961,13.298002690042145,Price Increase,PROMOTIONAL_OFFER,WEBINAR_EVENT,COMPARISON_GUIDE
75.12154811643427,99.24397533065317,50.0,0.7409460796325751,75.14730067546245,3.642705706264506,Layoffs,PRODUCT_AWARENESS,CONTENT_MARKETING,CASE_STUDY
65.20689526292924,97.91353486061898,75.0,0.8840709764954429,77.9951141181889,10.120989173536017,Layoffs,PRODUCT_AWARENESS,CONTENT_MARKETING,CASE_STUDY
91.79256545477845,93.72565046802995,50.0,0.8890297827896859,77.9117445830093,31.103175942639375,System Outage,COMPETITOR_SWITCHING,SOCIAL_ONLY,COMPARISON_GUIDE
74.15426162139683,90.27260445632791,75.0,0.7734850898545593,80.18829854121786,49.12135451814494,Product Defect,RELIABILITY_MESSAGING,CONTENT_MARKETING,WHITE_PAPER
100.0,93.32388632875801,100.0,0.8784490679028528,99.23414265954035,33.16516536767693,System Outage,RETENTION_DEFENSE,LINKEDIN_EMAIL,COMPARISON_GUIDE
68.96261238658063,97.43694091241058,100.0,0.7499673812824226,88.02515788106616,12.463093006268014,Product Defect,RETENTION_DEFENSE,CONTENT_MARKETING,WHITE_PAPER
94.41166531161704,87.76454954879797,75.0,0.8138327733733536,86.28637893488948,62.64601467006706,Data Breach,COMPETITOR_SWITCHING,LINKEDIN_EMAIL,COMPARISON_GUIDE
85.63535161630217,99.70440115823487,50.0,1.0,78.67140959249934,1.4209756705081027,Data Breach,RETENTION_DEFENSE,LINKEDIN_EMAIL,COMPARISON_GUIDE
78.20829923989389,95.05422683682136,75.0,0.7981966555491873,79.6113588062776,24.346871245576814,Price Increase,PROMOTIONAL_OFFER,LINKEDIN_EMAIL,COMPARISON_GUIDE
71.98369766592025,86.9053887159073,75.0,0.7006768038911506,79.38012306081413,67.36806964777641,Price Increase,PROMOTIONAL_OFFER,LINKEDIN_EMAIL,CASE_STUDY
61.57685087119998,92.03251162888125,75.0,0.9132500479330214,77.49791332967106,39.85357636568513,Layoffs,PRODUCT_AWARENESS,CONTENT_MARKETING,WHITE_PAPER
73.77584380890922,97.28783922398254,50.0,0.8511418454269147,71.78881045196516,13.198169706648464,Price Increase,PROMOTIONAL_OFFER,SOCIAL_ONLY,SOCIAL_CAMPAIGN
92.9648184353661,74.04510057132295,100.0,0.9049054765565361,86.31896228148118,144.23798940171645,System Outage,COMPETITOR_SWITCHING,LINKEDIN_EMAIL,COMPARISON_GUIDE
84.91693117425856,91.68868460698752,75.0,0.9793770059974899,84.18208972684612,41.650180857316954,PR Crisis,PRODUCT_AWARENESS,CONTENT_MARKETING,COMPARISON_GUIDE
75.50607975838436,79.88991010431451,50.0,0.7435749099408808,71.99150673676655,107.76989891426499,Price Increase,RETENTION_DEFENSE,CONTENT_MARKETING,SOCIAL_CAMPAIGN
62.97294996193111,93.7357576347372,100.0,0.7339059447958752,83.2857293795015,31.05141659576072,Layoffs,PRODUCT_AWARENESS,CONTENT_MARKETING,CASE_STUDY
88.73803277793441,96.05189506754387,50.0,0.8790905506099974,78.5783185528004,19.33515213950008,System Outage,COMPETITOR_SWITCHING,LINKEDIN_EMAIL,COMPARISON_GUIDE
97.21940115108718,99.2645484086824,75.0,0.6416628914698292,91.56502127663259,3.543212976145261,System Outage,RELIABILITY_MESSAGING,CONTENT_MARKETING,COMPARISON_GUIDE
77.18369275866755,96.04289106156264,75.0,0.8823435803969358,84.26043899941567,19.380149955018606,PR Crisis,RELIABILITY_MESSAGING,CONTENT_MARKETING,CASE_STUDY
83.70295434051523,89.91369796255958,75.0,0.7077129932794786,83.59459477681192,51.033545872666586,Price Increase,PROMOTIONAL_OFFER,LINKEDIN_EMAIL,CASE_STUDY
62.47910084496164,98.64118522070976,75.0,0.8434781861518683,78.46446950495813,6.567029560639872,Layoffs,PRODUCT_AWARENESS,CONTENT_MARKETING,CASE_STUDY
82.2081580837145,99.43973965349223,75.0,0.7630203248909757,83.0435348717631,2.696811319511852,System Outage,COMPETITOR_SWITCHING,LINKEDIN_EMAIL,COMPARISON_GUIDE
73.39686641478252,87.33320903774343,50.0,0.7580964771873075,70.05524791325102,65.01090918146996,Product Defect,RELIABILITY_MESSAGING,CONTENT_MARKETING,WHITE_PAPER
80.66811735929525,96.45563018523605,100.0,0.9455287522437897,89.24160493700955,17.32179561884876,PR Crisis,PRODUCT_AWARENESS,CONTENT_MARKETING,CASE_STUDY
67.67797868845307,95.47048689647266,100.0,0.8869648714601517,88.6318012943989,22.249451518405458,Product Defect,RELIABILITY_MESSAGING,CONTENT_MARKETING,CASE_STUDY
86.39948724526091,89.74662874623067,75.0,0.8568254514052019,82.3672520786917,51.926266579820364,System Outage,RELIABILITY_MESSAGING,LINKEDIN_EMAIL,COMPARISON_GUIDE
75.84777796721717,85.92457318192227,50.0,0.8918011284212606,72.25344359201274,72.81615868675736,Price Increase,RETENTION_DEFENSE,SOCIAL_ONLY,SOCIAL_CAMPAIGN
65.52654660439543,99.56745408100733,50.0,0.9020360074028911,68.07469426254075,2.0807237050614003,Layoffs,PRODUCT_AWARENESS,CONTENT_MARKETING,CASE_STUDY
80.2597380886146,86.73627208944808,75.0,0.7701551498148469,80.69143271361187,68.30305271567269,PR Crisis,PRODUCT_AWARENESS,CONTENT_MARKETING,CASE_STUDY
75.21911558425177,93.13605289751244,100.0,0.8985378447308946,87.66206886551367,34.132237199511145,Price Increase,PROMOTIONAL_OFFER,LINKEDIN_EMAIL,COMPARISON_GUIDE
72.67252824240275,88.22404682614881,50.0,0.9210124340699068,72.16837103159344,60.13949778362638,Product Defect,RELIABILITY_MESSAGING,CONTENT_MARKETING,WHITE_PAPER
79.62894510725305,88.81525223520875,100.0,0.9032739401643569,89.33932693469276,56.93365984004203,Price Increase,PROMOTIONAL_OFFER,LINKEDIN_EMAIL,COMPARISON_GUIDE
79.19470250234806,97.85130131150768,100.0,0.8006197450762461,88.4350381057894,10.426172731153596,PR Crisis,PRODUCT_AWARENESS,CONTENT_MARKETING,CASE_STUDY
63.888940956635395,68.10709711215219,50.0,0.8851600984496181,62.54557852332404,184.36260586812554,Product Defect,RELIABILITY_MESSAGING,SOCIAL_ONLY,WHITE_PAPER
92.28886433075942,74.53379397493069,100.0,0.9839593946678029,84.49313506273468,141.08042546444167,Data Breach,COMPETITOR_SWITCHING,LINKEDIN_EMAIL,COMPARISON_GUIDE
94.62562030896756,98.2360094538957,50.0,0.9056430206052621,84.01925518124202,8.542724541127283,System Outage,RETENTION_DEFENSE,LINKEDIN_EMAIL,COMPARISON_GUIDE
88.53016526167909,83.30734781756549,50.0,0.8442720598513547,75.28369246715806,87.66404717331079,Data Breach,COMPETITOR_SWITCHING,LINKEDIN_EMAIL,COMPARISON_GUIDE
97.2739758482119,97.35710545272528,75.0,0.9212306530815829,91.76713200731547,12.85654469033793,System Outage,COMPETITOR_SWITCHING,SOCIAL_ONLY,COMPARISON_GUIDE
77.50332860690605,99.47089085925019,100.0,0.8539818949744767,94.48104506713692,2.5464666260429585,PR Crisis,PRODUCT_AWARENESS,CONTENT_MARKETING,CASE_STUDY
70.19968198607346,81.99471850751682,100.0,0.8893615078394239,81.62621866134927,95.2873676366726,Product Defect,RELIABILITY_MESSAGING,CONTENT_MARKETING,WHITE_PAPER
54.23328540064378,98.5975738159402,100.0,0.9377722169402957,79.03830365128654,6.77929488549565,Layoffs,PRODUCT_AWARENESS,CONTENT_MARKETING,CASE_STUDY
84.93952557101211,81.45530179947372,50.0,0.9347949107237297,74.64641266740036,98.45556497761488,Data Breach,COMPETITOR_SWITCHING,CONTENT_MARKETING,COMPARISON_GUIDE
73.4178466160024,91.86924441759969,50.0,0.7407235431039573,72.06740566936297,40.70586058188172,Product Defect,RELIABILITY_MESSAGING,CONTENT_MARKETING,WHITE_PAPER
66.80117736277933,96.66525385679805,50.0,0.7676502793454343,68.01470653046407,16.279760187354526,Product Defect,RELIABILITY_MESSAGING,CONTENT_MARKETING,COMPARISON_GUIDE
72.38820406891054,87.63953207915527,75.0,0.939015069999194,76.37672885559199,63.33024499165289,Price Increase,PROMOTIONAL_OFFER,LINKEDIN_EMAIL,COMPARISON_GUIDE
94.2422227249501,85.80125394491814,100.0,0.8071358829558162,90.02254935826959,73.50555113200001,System Outage,COMPETITOR_SWITCHING,LINKEDIN_EMAIL,COMPARISON_GUIDE
89.4173778002567,99.41919618650222,75.0,0.9488649296005551,89.17482350303862,2.795985783547108,System Outage,COMPETITOR_SWITCHING,LINKEDIN_EMAIL,COMPARISON_GUIDE
94.23257860522072,90.24445184494061,100.0,0.9393919052721968,97.66336545535631,49.271071712213384,System Outage,RELIABILITY_MESSAGING,LINKEDIN_EMAIL,COMPARISON_GUIDE
78.20115677105457,87.02227515769448,75.0,0.7439161851134369,79.29861551214306,66.72291062873634,Price Increase,PROMOTIONAL_OFFER,LINKEDIN_EMAIL,COMPARISON_GUIDE
92.35981501073522,96.81768867720267,75.0,0.8775030305239908,88.39192790431399,15.523427582788894,System Outage,COMPETITOR_SWITCHING,LINKEDIN_EMAIL,COMPARISON_GUIDE
80.16398497705794,98.04264527847832,50.0,0.7893203732239944,79.50558352367221,9.488470112424544,Price Increase,PROMOTIONAL_OFFER,SOCIAL_ONLY,COMPARISON_GUIDE
86.93319593740858,88.5212929268019,75.0,0.7023049710209525,81.97064453261919,58.524991137751485,Data Breach,COMPETITOR_SWITCHING,SOCIAL_ONLY,COMPARISON_GUIDE
72.51735372454961,97.72788977311912,100.0,0.7979980852474481,84.83040225236545,11.031938057824199,Price Increase,COMPETITOR_SWITCHING,LINKEDIN_EMAIL,COMPARISON_GUIDE
74.35979146862694,96.6675748747897,100.0,0.8665813863519155,88.88287772396018,16.268235102418263,PR Crisis,RETENTION_DEFENSE,CONTENT_MARKETING,CASE_STUDY
91.39131223331373,99.21715358436326,50.0,0.8641456697711518,81.15490241808588,3.772448375450452,System Outage,COMPETITOR_SWITCHING,LINKEDIN_EMAIL,COMPARISON_GUIDE
70.9284629487053,99.03880255616845,100.0,0.9838761672238829,90.76394804991335,4.636064463398725,Product Defect,RELIABILITY_MESSAGING,CONTENT_MARKETING,WHITE_PAPER
83.50209381536202,99.84785571809172,50.0,0.9163785934303339,80.73501703605466,0.7308486664747734,Data Breach,RELIABILITY_MESSAGING,LINKEDIN_EMAIL,COMPARISON_GUIDE
85.06837870271931,91.0134620479905,50.0,0.7601964155004468,74.49638445345634,45.19812279320735,Price Increase,PROMOTIONAL_OFFER,SOCIAL_ONLY,SOCIAL_CAMPAIGN
70.08830733421752,74.5839241406106,100.0,0.8717196248660518,79.98067946557003,140.75769412524303,Layoffs,PRODUCT_AWARENESS,CONTENT_MARKETING,CASE_STUDY
66.38396724662644,91.52365461575664,75.0,0.9337854165297158,78.84986326823312,42.51490882870603,Layoffs,PRODUCT_AWARENESS,CONTENT_MARKETING,SOCIAL_CAMPAIGN
73.85304627965986,91.62654395584943,75.0,0.846521844014891,78.87494530544114,41.97560405235222,PR Crisis,PRODUCT_AWARENESS,CONTENT_MARKETING,CASE_STUDY
66.88222380988434,72.9047839295691,50.0,0.9399482687896402,62.95617024086459,151.68764445602608,PR Crisis,PRODUCT_AWARENESS,CONTENT_MARKETING,CASE_STUDY
97.823029629468,68.57402635134811,75.0,0.7684268529046308,80.47263761536328,181.0830468329119,System Outage,COMPETITOR_SWITCHING,LINKEDIN_EMAIL,COMPARISON_GUIDE
69.2953604286119,87.11115359384505,50.0,0.8394821923462665,70.50358459248129,66.23292253899653,Product Defect,RELIABILITY_MESSAGING,CONTENT_MARKETING,WHITE_PAPER
67.81617881380892,87.93822776653982,75.0,0.7214738319409056,76.03955494370919,61.69707609389086,Product Defect,RELIABILITY_MESSAGING,CONTENT_MARKETING,WHITE_PAPER
74.56622124725529,90.93652432197973,100.0,0.7466189843915505,88.48686140598642,45.604059736903,PR Crisis,PRODUCT_AWARENESS,CONTENT_MARKETING,CASE_STUDY
72.48512614724328,97.80219271900404,100.0,0.8710789772264848,89.05307437298269,10.667130604291124,PR Crisis,PRODUCT_AWARENESS,CONTENT_MARKETING,COMPARISON_GUIDE
72.83970871537566,99.86168675247484,100.0,0.7872987467530883,87.7133074072602,0.6643631452284712,Product Defect,RELIABILITY_MESSAGING,CONTENT_MARKETING,WHITE_PAPER
65.41904042259378,99.35641423887002,50.0,0.7834542233415644,74.38456873511258,3.0991953755191055,Product Defect,RELIABILITY_MESSAGING,CONTENT_MARKETING,WHITE_PAPER
78.49598343891536,91.08962021578247,50.0,0.8035957406903965,74.20408844137164,44.79663675335603,Price Increase,RELIABILITY_MESSAGING,CONTENT_MARKETING,SOCIAL_CAMPAIGN
67.49842555151467,76.34748316402498,50.0,0.8877601816735419,62.10277604915183,129.54005727342644,Layoffs,PRODUCT_AWARENESS,CONTENT_MARKETING,CASE_STUDY
96.03387389917208,90.85407430195633,50.0,0.9195324851511418,82.44435352478921,46.03946192628376,System Outage,COMPETITOR_SWITCHING,LINKEDIN_EMAIL,COMPARISON_GUIDE
86.18356947910709,95.46787723884358,100.0,0.8530350268358081,93.42145479545243,22.262572356302133,Data Breach,COMPETITOR_SWITCHING,LINKEDIN_EMAIL,COMPARISON_GUIDE
73.83233684055799,92.56205386431907,100.0,0.7871211173892014,84.53946168921136,37.099638625674544,Product Defect,RELIABILITY_MESSAGING,CONTENT_MARKETING,WHITE_PAPER
81.51909297802437,85.65623399748982,100.0,0.9077250004100914,92.58727362747887,74.3175260675981,Price Increase,PROMOTIONAL_OFFER,LINKEDIN_EMAIL,COMPARISON_GUIDE
91.24698551209393,97.18508621269889,100.0,0.8015311343392885,99.09307588106182,13.705401753424233,System Outage,COMPETITOR_SWITCHING,LINKEDIN_EMAIL,COMPARISON_GUIDE
99.9625767658406,75.93240459326066,75.0,0.7886674729773322,84.30664996959094,132.15679426126744,Data Breach,COMPETITOR_SWITCHING,LINKEDIN_EMAIL,COMPARISON_GUIDE
66.13247833025193,99.77867536505964,50.0,0.8520310736433928,67.54724762922335,1.0635356154945308,PR Crisis,PRODUCT_AWARENESS,CONTENT_MARKETING,CASE_STUDY
64.93081126952882,76.9602412328974,100.0,0.7948217780748661,79.5645175630913,125.70299765397976,Layoffs,PRODUCT_AWARENESS,CONTENT_MARKETING,CASE_STUDY
63.11933809512932,94.86574199825174,50.0,0.7494794484576595,70.3338682110232,25.299617318271604,Layoffs,RELIABILITY_MESSAGING,CONTENT_MARKETING,CASE_STUDY
93.60518534834095,99.27166722648937,75.0,0.8276191865203332,90.80898310323664,3.508790716832241,System Outage,COMPETITOR_SWITCHING,LINKEDIN_EMAIL,COMPARISON_GUIDE
69.8057010510656,80.77964138824547,100.0,0.8956490397775625,84.09254215796561,102.45370330839336,PR Crisis,PRODUCT_AWARENESS,CONTENT_MARKETING,CASE_STUDY
88.34345808408338,96.36006025101912,100.0,0.80102106123938,94.44461282198196,17.79762382636625,Data Breach,COMPETITOR_SWITCHING,LINKEDIN_EMAIL,COMPARISON_GUIDE
66.70122207260968,92.6176036405369,100.0,0.7419140507033583,81.8208540077178,36.81165998111251,PR Crisis,PRODUCT_AWARENESS,CONTENT_MARKETING,CASE_STUDY
77.40933030859246,96.38810032571074,100.0,0.8937811837902373,87.58908578515236,17.65796764592178,PR Crisis,PRODUCT_AWARENESS,CONTENT_MARKETING,CASE_STUDY
88.1831368763942,93.19762517491058,100.0,0.8316160295539845,91.52972943451023,33.815013877001284,System Outage,COMPETITOR_SWITCHING,CONTENT_MARKETING,COMPARISON_GUIDE
80.87605709454256,97.86803797569088,50.0,1.0,77.54618162749186,10.344079680392518,Price Increase,PROMOTIONAL_OFFER,SOCIAL_ONLY,COMPARISON_GUIDE
79.2349854384473,83.36352256401845,50.0,0.8836075592361473,72.91675213101578,87.34048878237316,PR Crisis,PRODUCT_AWARENESS,CONTENT_MARKETING,CASE_STUDY
85.28271782414771,98.26730200533773,100.0,0.7595289251739268,91.61766006208435,8.389847475518565,PR Crisis,PRODUCT_AWARENESS,CONTENT_MARKETING,CASE_STUDY
82.67389272902504,88.83401608053516,75.0,0.8166106549115932,81.62958208729475,56.832261777718855,Price Increase,PROMOTIONAL_OFFER,LINKEDIN_EMAIL,COMPARISON_GUIDE
79.87908359672355,93.020815298705,100.0,0.9234763555153931,89.29583873375775,34.72651078209846,PR Crisis,PRODUCT_AWARENESS,CONTENT_MARKETING,CASE_STUDY
92.12483058123773,95.72051071425557,100.0,0.8326386359660504,94.94911986986013,20.9940419808525,Data Breach,COMPETITOR_SWITCHING,LINKEDIN_EMAIL,COMPARISON_GUIDE
92.13358243172762,97.22421033727493,100.0,0.8846367860288556,95.72852243081016,13.512205436341773,Price Increase,PROMOTIONAL_OFFER,LINKEDIN_EMAIL,COMPARISON_GUIDE
77.0353673347599,97.36690045249283,100.0,0.9317106636343518,94.20110261539165,12.80825480568268,Price Increase,PROMOTIONAL_OFFER,LINKEDIN_EMAIL,COMPARISON_GUIDE
57.07008343881021,92.51033548838998,50.0,0.6996060491888764,67.75298741468669,37.367910096951185,Layoffs,PRODUCT_AWARENESS,SOCIAL_ONLY,CASE_STUDY
100.0,98.13390605868977,50.0,0.6391401808786498,84.44692283080126,9.041880778858928,System Outage,COMPETITOR_SWITCHING,LINKEDIN_EMAIL,COMPARISON_GUIDE
66.63910586421542,92.67824128145068,100.0,0.9239416111630263,84.9627882313686,36.49750216834699,Layoffs,PRODUCT_AWARENESS,CONTENT_MARKETING,CASE_STUDY
70.41557654140719,98.76112771039432,75.0,0.7783722942109581,79.47836725136074,5.9837293826566915,PR Crisis,PRODUCT_AWARENESS,CONTENT_MARKETING,CASE_STUDY
65.02092302604885,95.14816165122875,75.0,0.9020908993458925,76.78864369474988,23.872758223760872,Product Defect,RELIABILITY_MESSAGING,WEBINAR_EVENT,WHITE_PAPER
70.88377396651025,93.15661816915578,100.0,0.826025868159457,86.20008580326736,34.02626061575851,Product Defect,RELIABILITY_MESSAGING,CONTENT_MARKETING,WHITE_PAPER
100.0,90.57419407634204,75.0,0.7610426379380669,87.4794532505998,47.52040661107641,Data Breach,COMPETITOR_SWITCHING,LINKEDIN_EMAIL,COMPARISON_GUIDE
69.19118439785571,99.89976128894837,100.0,0.8724509123592109,91.16364311421705,0.48138712149830604,Layoffs,PRODUCT_AWARENESS,SOCIAL_ONLY,CASE_STUDY
71.86052736303431,83.08060427073538,75.0,0.8811327356534343,71.99676050858776,88.97227855046022,Product Defect,RELIABILITY_MESSAGING,CONTENT_MARKETING,WHITE_PAPER
64.065652015748,85.48668590476255,75.0,0.7444602244320986,73.36630530293665,75.2685804399326,Layoffs,PRODUCT_AWARENESS,CONTENT_MARKETING,CASE_STUDY
70.99980717801176,95.211077848708,100.0,0.8449180340307716,86.41184183997537,23.555465761687177,PR Crisis,PRODUCT_AWARENESS,CONTENT_MARKETING,CASE_STUDY
69.70348071911341,92.49307289516999,50.0,0.8014639764187762,71.0518815407553,37.45748730898251,Layoffs,PRODUCT_AWARENESS,CONTENT_MARKETING,CASE_STUDY
71.00039478213431,94.47613543803834,75.0,0.8106478041995036,77.08725492151085,27.275000845416958,Layoffs,PRODUCT_AWARENESS,CONTENT_MARKETING,CASE_STUDY
66.55641166788543,95.77596632782351,50.0,0.8000523688229421,69.98630385018953,20.716034827218323,Product Defect,RELIABILITY_MESSAGING,CONTENT_MARKETING,WHITE_PAPER
61.97627667730894,87.96078042999055,100.0,0.6735547154320745,83.75753852678079,61.573990936940206,Layoffs,PRODUCT_AWARENESS,CONTENT_MARKETING,CASE_STUDY
94.84003237470317,99.91604672337839,100.0,0.9021217593071604,95.63545562604516,0.4031449781816059,Data Breach,PROMOTIONAL_OFFER,LINKEDIN_EMAIL,COMPARISON_GUIDE
73.99254233026241,84.94070598631588,75.0,0.8494782947816434,78.11629670092934,78.34403978358743,PR Crisis,PRODUCT_AWARENESS,CONTENT_MARKETING,CASE_STUDY
100.0,99.3146092901488,75.0,0.8865824323692193,95.20602743133817,3.301201438868539,System Outage,PRODUCT_AWARENESS,LINKEDIN_EMAIL,COMPARISON_GUIDE
78.52253269912362,85.00533159777383,50.0,0.9131245349900415,69.62208969619819,77.97897925689269,PR Crisis,PRODUCT_AWARENESS,CONTENT_MARKETING,CASE_STUDY
90.28645177226508,89.47440059167756,75.0,0.9622695976100153,86.85270743148736,53.38446169411692,Data Breach,RETENTION_DEFENSE,SOCIAL_ONLY,COMPARISON_GUIDE
67.78477989435758,80.16361323197982,75.0,0.8116405626080605,74.37500118578703,106.12822772071002,Product Defect,RETENTION_DEFENSE,CONTENT_MARKETING,WHITE_PAPER
66.08998705333069,86.74670242615068,50.0,0.9859965899661104,69.60309185364726,68.24533452589347,Layoffs,PRODUCT_AWARENESS,CONTENT_MARKETING,CASE_STUDY
80.95317795632512,90.47707984014728,100.0,0.9253048464613987,89.33959825736754,48.03534182070749,Price Increase,PROMOTIONAL_OFFER,LINKEDIN_EMAIL,COMPARISON_GUIDE
88.91439798823548,88.15989513342008,50.0,0.7821892857104732,75.70954995813409,60.48865444182857,System Outage,COMPETITOR_SWITCHING,LINKEDIN_EMAIL,COMPARISON_GUIDE
69.55183481328805,97.60943494729808,75.0,0.7872190473497838,81.30485974506915,11.614093295642398,PR Crisis,PRODUCT_AWARENESS,CONTENT_MARKETING,CASE_STUDY
94.21628962108862,93.17071690583522,75.0,0.7773795055882463,91.17629876746955,33.95362077881434,System Outage,COMPETITOR_SWITCHING,LINKEDIN_EMAIL,COMPARISON_GUIDE
67.55396044263797,85.29264530493376,100.0,0.9324464468499245,84.46258878462413,76.3593392259995,Layoffs,PRODUCT_AWARENESS,CONTENT_MARKETING,CASE_STUDY
74.50724579596803,96.98043409290872,50.0,0.8637471471834824,75.0035309862294,14.71725034241668,Price Increase,PROMOTIONAL_OFFER,SOCIAL_ONLY,COMPARISON_GUIDE
89.12202697187574,97.90362967281271,75.0,0.7783944126178716,85.49326801939867,10.169549678049393,System Outage,COMPETITOR_SWITCHING,LINKEDIN_EMAIL,COMPARISON_GUIDE
73.50593163035187,91.3509293494909,75.0,0.9178539370133334,76.842604827451,43.421630262199024,Product Defect,RELIABILITY_MESSAGING,CONTENT_MARKETING,SOCIAL_CAMPAIGN
92.76149968839762,86.66960092276632,50.0,0.9000504746916801,76.20663149873742,68.67215395807295,Data Breach,COMPETITOR_SWITCHING,LINKEDIN_EMAIL,COMPARISON_GUIDE
100.0,94.49489633686488,50.0,0.8779720037839754,80.21886335833535,27.179692782781707,System Outage,COMPETITOR_SWITCHING,LINKEDIN_EMAIL,COMPARISON_GUIDE
95.47672099720654,96.17387450965568,100.0,0.8289241427134201,98.38433264367973,18.72597117275186,System Outage,COMPETITOR_SWITCHING,LINKEDIN_EMAIL,COMPARISON_GUIDE
63.53870119049115,57.34022947043902,75.0,0.8768046423267294,65.74986123169373,266.96050733512186,Layoffs,PRODUCT_AWARENESS,CONTENT_MARKETING,CASE_STUDY
97.34633794904263,99.3061740911082,100.0,0.7271542301434315,100.0,3.3419715483504526,System Outage,COMPETITOR_SWITCHING,LINKEDIN_EMAIL,COMPARISON_GUIDE
70.94371440431404,84.84593430047879,50.0,0.7686653497138802,68.34310510452084,78.87989365111653,PR Crisis,PRODUCT_AWARENESS,CONTENT_MARKETING,CASE_STUDY
64.80346356186185,85.80211062516761,100.0,0.8392402572478613,78.03794081003579,73.50075860918693,Layoffs,PRODUCT_AWARENESS,CONTENT_MARKETING,CASE_STUDY
68.20266795815517,89.92173143056246,100.0,0.8997655992244838,86.91545325150162,50.99066150158399,Layoffs,PRODUCT_AWARENESS,CONTENT_MARKETING,COMPARISON_GUIDE
71.93404260344602,92.04682982512156,100.0,0.9372784340148773,88.32118691413277,39.7789049315641,Product Defect,RELIABILITY_MESSAGING,CONTENT_MARKETING,WHITE_PAPER
76.65286696312718,91.53805522529265,50.0,0.8615910266477512,73.17036943940857,42.43939011321335,PR Crisis,PRODUCT_AWARENESS,CONTENT_MARKETING,CASE_STUDY
78.24292882143133,88.4357528800485,75.0,0.9750730687065686,77.61986067559029,58.98904980749846,Price Increase,PROMOTIONAL_OFFER,LINKEDIN_EMAIL,SOCIAL_CAMPAIGN
77.23403908282556,91.31591269818739,100.0,0.8794119434393137,84.08833642728318,43.6056592041039,Price Increase,PROMOTIONAL_OFFER,LINKEDIN_EMAIL,COMPARISON_GUIDE
98.12754008415519,91.39923372015258,100.0,0.9208185186391192,96.5384995799605,43.16788385707287,System Outage,COMPETITOR_SWITCHING,LINKEDIN_EMAIL,COMPARISON_GUIDE
91.73454169324832,89.37517042756306,100.0,0.765287393035472,96.46969461049346,53.91709348507832,System Outage,COMPETITOR_SWITCHING,LINKEDIN_EMAIL,COMPARISON_GUIDE
84.81293595265397,88.74109702986028,75.0,0.8502956537478278,80.42413798908609,57.33459735406649,PR Crisis,PRODUCT_AWARENESS,SOCIAL_ONLY,CASE_STUDY
94.33816041953068,98.31586714010619,75.0,0.9484699610523788,93.10005286726116,8.15268307060595,Data Breach,COMPETITOR_SWITCHING,LINKEDIN_EMAIL,COMPARISON_GUIDE
97.81440430087177,94.10786971143588,50.0,0.7796148517198356,84.26331942307729,29.149685533813404,System Outage,RETENTION_DEFENSE,LINKEDIN_EMAIL,COMPARISON_GUIDE
92.36846568366114,98.15716732616528,75.0,0.9743328336571819,90.60248842441848,8.928116986670457,Data Breach,COMPETITOR_SWITCHING,LINKEDIN_EMAIL,COMPARISON_GUIDE
92.07432750180955,72.30948896175711,75.0,0.8870630824094485,79.06205533665593,155.62311415239319,Data Breach,COMPETITOR_SWITCHING,LINKEDIN_EMAIL,COMPARISON_GUIDE
100.0,94.9900923016907,75.0,0.8693057547933425,88.6949995232682,24.670843865973147,Data Breach,COMPETITOR_SWITCHING,LINKEDIN_EMAIL,COMPARISON_GUIDE
81.9316165890578,91.62072608389636,50.0,0.8336423023211103,71.78073319858316,42.00608285334947,Price Increase,COMPETITOR_SWITCHING,SOCIAL_ONLY,SOCIAL_CAMPAIGN
100.0,99.46752724173372,75.0,0.8440841947513286,91.43693922020088,2.562698145560105,System Outage,COMPETITOR_SWITCHING,LINKEDIN_EMAIL,COMPARISON_GUIDE
75.97512492014063,80.82850509685726,50.0,0.7893374344889927,70.30248661044716,102.16343847510959,PR Crisis,PRODUCT_AWARENESS,CONTENT_MARKETING,CASE_STUDY
68.99589409952699,97.65510191459843,100.0,0.9003623667377448,85.28625669487035,11.38957587884886,Layoffs,PRODUCT_AWARENESS,CONTENT_MARKETING,SOCIAL_CAMPAIGN
79.476777153813,55.4784017624614,50.0,0.7994737816667734,64.01153925187859,282.8046712369129,PR Crisis,PROMOTIONAL_OFFER,SOCIAL_ONLY,CASE_STUDY
65.37388133960984,93.93654994662673,75.0,0.8086856284889943,76.43758435297576,30.024303456642905,Layoffs,PRODUCT_AWARENESS,CONTENT_MARKETING,CASE_STUDY
73.9707028455983,99.26586705411626,100.0,0.7902737322767809,88.04883671743575,3.5368366251283696,PR Crisis,PRODUCT_AWARENESS,CONTENT_MARKETING,CASE_STUDY
61.47565773092255,93.86435120687123,75.0,0.8107077002286316,74.67981746769105,30.393368744158465,Layoffs,PRODUCT_AWARENESS,CONTENT_MARKETING,CASE_STUDY
93.7191012375231,69.66468393915373,100.0,0.8306802043303376,84.98261914459535,173.50880798396366,System Outage,COMPETITOR_SWITCHING,LINKEDIN_EMAIL,COMPARISON_GUIDE
72.68592156830245,85.20636820704847,50.0,0.7537439315688684,67.55219026494932,76.84512515128657,PR Crisis,RELIABILITY_MESSAGING,CONTENT_MARKETING,CASE_STUDY
87.56398539402537,97.08010891936195,50.0,0.8218462945746793,81.88813642826248,14.224167924299241,Data Breach,COMPETITOR_SWITCHING,LINKEDIN_EMAIL,COMPARISON_GUIDE
74.3071631347519,99.35600570361784,50.0,0.8976023572668451,73.41482085876947,3.1011690510558783,Price Increase,PROMOTIONAL_OFFER,SOCIAL_ONLY,SOCIAL_CAMPAIGN
72.93501088928284,81.87342587238174,75.0,0.7758641352922151,72.39983291642007,95.99794473776363,PR Crisis,PRODUCT_AWARENESS,CONTENT_MARKETING,CASE_STUDY
94.24947889207247,92.04655545963926,50.0,0.821229626203803,80.91597287310427,39.78033567750104,System Outage,COMPETITOR_SWITCHING,LINKEDIN_EMAIL,COMPARISON_GUIDE
70.91917258161253,98.45627010819592,100.0,1.0,85.05179222054097,7.467693446945161,Product Defect,RELIABILITY_MESSAGING,CONTENT_MARKETING,WHITE_PAPER
68.90681111181256,93.52787077376806,100.0,0.8435520200562591,83.95497356285392,32.11714126535947,Layoffs,PRODUCT_AWARENESS,CONTENT_MARKETING,CASE_STUDY
84.57695137780081,99.41505313767817,75.0,0.8060367780323572,83.78357539816336,2.815989011789615,Price Increase,PROMOTIONAL_OFFER,LINKEDIN_EMAIL,COMPARISON_GUIDE
53.39021791329095,87.88855208501893,100.0,0.9966045634783361,79.35095631505858,61.96830130525616,Layoffs,PRODUCT_AWARENESS,CONTENT_MARKETING,CASE_STUDY
97.41033363667692,96.3031056843862,75.0,0.8794986517854015,92.80277155713408,18.081416451151874,System Outage,COMPETITOR_SWITCHING,LINKEDIN_EMAIL,COMPARISON_GUIDE
70.68410914835647,63.433779767636736,100.0,0.8276893284679394,78.99409353200225,218.48335801371485,Product Defect,RELIABILITY_MESSAGING,SOCIAL_ONLY,WHITE_PAPER
64.75551408262947,87.34182928595729,100.0,0.7375848122557139,75.45524297901679,64.96353298867535,Layoffs,PRODUCT_AWARENESS,SOCIAL_ONLY,CASE_STUDY
67.65538268164903,83.34694493928122,50.0,0.9261159421646469,66.33322251370787,87.43595081327352,PR Crisis,PRODUCT_AWARENESS,CONTENT_MARKETING,CASE_STUDY
86.4806420658664,94.12826782191532,75.0,0.7760427209496357,84.347614855725,29.04565563608222,System Outage,PRODUCT_AWARENESS,CONTENT_MARKETING,COMPARISON_GUIDE
71.72472500773142,97.83696101478641,100.0,1.0,91.29289613825262,10.49652281098676,Product Defect,RELIABILITY_MESSAGING,LINKEDIN_EMAIL,WHITE_PAPER
86.09390116724067,97.42240453139404,100.0,0.8372763831679959,89.47093042917489,12.534708384888859,PR Crisis,PRODUCT_AWARENESS,CONTENT_MARKETING,CASE_STUDY
84.31895912284831,89.72932539451062,100.0,0.8673420451010103,88.45177621222683,52.01882058117519,Price Increase,PROMOTIONAL_OFFER,LINKEDIN_EMAIL,SOCIAL_CAMPAIGN
62.05566586630652,97.56212197975171,100.0,0.783019005516024,84.97487495323819,11.846813936136268,Layoffs,PRODUCT_AWARENESS,CONTENT_MARKETING,CASE_STUDY
72.84807261801492,96.6913457749718,100.0,0.7616109765549983,88.58771563372525,16.150215906753058,PR Crisis,PRODUCT_AWARENESS,CONTENT_MARKETING,CASE_STUDY
96.0897957615278,95.52423211775677,75.0,0.8089442908389283,89.82553410809125,21.97931099273608,Data Breach,COMPETITOR_SWITCHING,CONTENT_MARKETING,COMPARISON_GUIDE
60.77550773294763,82.98494208400832,100.0,0.8075028564313921,80.17343902075763,89.5252873559104,Layoffs,PRODUCT_AWARENESS,CONTENT_MARKETING,CASE_STUDY
59.48853925081788,97.56839211400074,100.0,0.9045087608354359,82.34463751039499,11.815966229363728,Layoffs,PRODUCT_AWARENESS,CONTENT_MARKETING,CASE_STUDY
72.69459592571867,96.99116388756437,100.0,0.8927853869076728,90.6331485415349,14.664146676791544,Product Defect,RELIABILITY_MESSAGING,CONTENT_MARKETING,WHITE_PAPER
61.81346126485602,94.05329000728922,100.0,0.8866709362841187,81.51227749118743,29.428151703604584,Layoffs,PRODUCT_AWARENESS,CONTENT_MARKETING,CASE_STUDY
63.691474661608865,93.55893842448711,75.0,0.7750794900168323,74.7087122790519,31.957723585982453,Layoffs,PRODUCT_AWARENESS,CONTENT_MARKETING,CASE_STUDY
71.46096364163186,93.88269017740704,100.0,0.83501367852749,89.9312311214251,30.299596764368218,Product Defect,RELIABILITY_MESSAGING,CONTENT_MARKETING,WHITE_PAPER
68.97115700985167,98.33582407988419,75.0,0.6301996125819812,78.58974967560266,8.055258725390328,Product Defect,RELIABILITY_MESSAGING,CONTENT_MARKETING,COMPARISON_GUIDE
92.3687607174129,83.88137698802632,75.0,0.9610670222566758,83.41318439569241,84.36795068296837,System Outage,COMPETITOR_SWITCHING,LINKEDIN_EMAIL,COMPARISON_GUIDE
74.44998214057037,93.10394945038132,75.0,0.911456577330539,80.64197070225512,34.2977188853069,Price Increase,PROMOTIONAL_OFFER,LINKEDIN_EMAIL,COMPARISON_GUIDE
92.54134319837294,99.48583510691115,50.0,1.0,81.97496038504677,2.4743580923312947,Data Breach,COMPETITOR_SWITCHING,CONTENT_MARKETING,CASE_STUDY
62.43927133825933,94.39735524731017,100.0,0.8270041984479716,83.86957291830281,27.675422245003112,Layoffs,PRODUCT_AWARENESS,CONTENT_MARKETING,CASE_STUDY
64.77243877349379,97.32517787436758,75.0,0.8160610933281565,78.1048862151356,13.013983132985917,Layoffs,PRODUCT_AWARENESS,CONTENT_MARKETING,CASE_STUDY
60.53253383056196,96.7542128147643,75.0,0.8167044476091797,73.47913869857335,15.838229626139952,Layoffs,PRODUCT_AWARENESS,WEBINAR_EVENT,CASE_STUDY
72.74993571002094,87.0282183859822,50.0,0.9505719373490058,70.85846807231611,66.69012991641391,PR Crisis,PRODUCT_AWARENESS,CONTENT_MARKETING,CASE_STUDY
67.76878662890124,97.33213475670199,100.0,0.9048406191032163,90.0043727451639,12.979673571461607,Product Defect,RELIABILITY_MESSAGING,CONTENT_MARKETING,WHITE_PAPER
79.12218027250393,99.31778057418222,75.0,0.9034923843806325,87.01191616332059,3.285874468909448,Price Increase,PROMOTIONAL_OFFER,LINKEDIN_EMAIL,CASE_STUDY
65.68922252440392,97.36407456079755,100.0,0.8344242163106654,85.35653502378383,12.822186107713488,Layoffs,COMPETITOR_SWITCHING,CONTENT_MARKETING,CASE_STUDY
80.45876242224186,76.29118108101264,50.0,0.8701792317141341,71.46090068337699,129.89416153927857,Price Increase,PROMOTIONAL_OFFER,SOCIAL_ONLY,SOCIAL_CAMPAIGN
57.68887630155079,89.27258325485441,50.0,0.9195323673997517,63.946246445028905,54.468366560700346,Layoffs,PROMOTIONAL_OFFER,CONTENT_MARKETING,CASE_STUDY
60.55379585885838,96.74658912158976,100.0,0.9264240446590202,85.22801239640445,15.876052443296825,Layoffs,PRODUCT_AWARENESS,CONTENT_MARKETING,CASE_STUDY
75.19188827382574,90.71307405067297,75.0,0.8016815499224617,79.3315802140115,46.78497271758376,Product Defect,PROMOTIONAL_OFFER,WEBINAR_EVENT,WHITE_PAPER
61.80257918737283,95.88064951869318,50.0,0.8186023115151302,67.54835883399635,20.191681035491115,Product Defect,RELIABILITY_MESSAGING,CONTENT_MARKETING,WHITE_PAPER
69.22652628683566,76.79823297705585,50.0,0.8759245622577249,63.43469762821969,126.7145060209956,PR Crisis,PRODUCT_AWARENESS,CONTENT_MARKETING,CASE_STUDY
90.42604724816951,97.20736761891985,75.0,0.6107091223279422,91.98390426927543,13.595365845938252,Data Breach,COMPETITOR_SWITCHING,LINKEDIN_EMAIL,COMPARISON_GUIDE
73.138637578572,87.013978928056,100.0,0.8873336785572865,88.40166116416437,66.7686733952404,PR Crisis,PRODUCT_AWARENESS,CONTENT_MARKETING,WHITE_PAPER
70.25541739587581,94.9818455685263,50.0,0.9897890558332446,71.05640064414288,24.712517725447178,PR Crisis,PRODUCT_AWARENESS,CONTENT_MARKETING,CASE_STUDY
97.96963367211322,88.91765544855296,100.0,0.7840388670777861,94.64597065693178,56.38054282322314,System Outage,COMPETITOR_SWITCHING,LINKEDIN_EMAIL,COMPARISON_GUIDE
92.35511145967992,94.53458335896805,75.0,0.7654753885791797,88.26104784843167,26.97813934339146,System Outage,COMPETITOR_SWITCHING,LINKEDIN_EMAIL,WHITE_PAPER
78.56333856419285,96.661010982855,100.0,0.6970196019664179,90.28637062836269,16.300829021376366,Product Defect,RELIABILITY_MESSAGING,SOCIAL_ONLY,WHITE_PAPER
88.15842480583595,98.2199154085684,50.0,1.0,79.9750314219853,8.621369578479051,System Outage,COMPETITOR_SWITCHING,LINKEDIN_EMAIL,COMPARISON_GUIDE
89.95667999416585,79.23903572899734,100.0,0.9510965342123735,88.06175076143407,111.69654394788026,System Outage,RETENTION_DEFENSE,LINKEDIN_EMAIL,COMPARISON_GUIDE
97.71739689335047,84.19569931901523,50.0,0.8659848346974971,83.16450585763175,82.57264464748735,System Outage,COMPETITOR_SWITCHING,LINKEDIN_EMAIL,COMPARISON_GUIDE
79.04944660830559,79.5600697759627,100.0,0.7176090051017363,83.56770698555212,109.7557703901808,PR Crisis,PRODUCT_AWARENESS,SOCIAL_ONLY,WHITE_PAPER
94.38645533202138,91.75900106341714,50.0,0.8574697899421321,78.22608963618985,41.28220782330622,System Outage,RETENTION_DEFENSE,LINKEDIN_EMAIL,COMPARISON_GUIDE
69.51440899462429,67.42970236584054,50.0,0.9713115244202858,64.23891094838685,189.1605970674001,Product Defect,RELIABILITY_MESSAGING,CONTENT_MARKETING,WHITE_PAPER
75.36018430641873,92.68244697013353,75.0,0.8330232824079078,76.96014637505104,36.475720521039186,PR Crisis,PRODUCT_AWARENESS,CONTENT_MARKETING,COMPARISON_GUIDE
67.91122238781881,75.6863294622329,100.0,0.6973753953698087,78.14961777223839,133.71486249522977,Layoffs,PRODUCT_AWARENESS,CONTENT_MARKETING,CASE_STUDY
62.93197233289178,97.46413158939012,50.0,1.0,66.57916115358135,12.329163265735264,Layoffs,PRODUCT_AWARENESS,CONTENT_MARKETING,CASE_STUDY
68.26596555290155,91.74219483942613,75.0,0.9366152843109659,76.3867953693527,41.370130820195094,Layoffs,PRODUCT_AWARENESS,CONTENT_MARKETING,CASE_STUDY
74.53181905630414,95.7715624578292,75.0,0.9560637318033752,83.35132321719014,20.738106191031196,PR Crisis,PRODUCT_AWARENESS,SOCIAL_ONLY,CASE_STUDY
77.40696010484852,96.10042897683475,100.0,0.7284523139618526,84.1286015387687,19.092674958223274,Price Increase,PROMOTIONAL_OFFER,LINKEDIN_EMAIL,COMPARISON_GUIDE
62.744205707955004,95.31684904592353,50.0,0.8941392639928736,69.66163020751695,23.022523628672317,Layoffs,PRODUCT_AWARENESS,CONTENT_MARKETING,CASE_STUDY
67.30833147355682,95.2609630061361,100.0,0.7004206640243663,84.72457994089754,23.30403908504207,Layoffs,PRODUCT_AWARENESS,CONTENT_MARKETING,CASE_STUDY
70.95211944962529,92.6966993559527,50.0,0.8859374977028027,71.1361938992178,36.401913457599036,Product Defect,COMPETITOR_SWITCHING,CONTENT_MARKETING,WHITE_PAPER
67.43080691578614,94.89659853588434,50.0,0.8862806970043574,68.4767142585704,25.143515341952146,Product Defect,RELIABILITY_MESSAGING,CONTENT_MARKETING,WHITE_PAPER
90.29492110794799,88.21086208627028,50.0,0.8857498000642158,77.31162532604586,60.2112372731921,Data Breach,COMPETITOR_SWITCHING,LINKEDIN_EMAIL,COMPARISON_GUIDE
76.46719710583264,98.77058161758765,50.0,0.8988172935671378,75.53199924954622,5.937783590239784,Price Increase,PROMOTIONAL_OFFER,SOCIAL_ONLY,COMPARISON_GUIDE
77.06734365218033,95.71465557591989,100.0,0.8679373123432634,85.17074043897829,21.02340405111854,Price Increase,PROMOTIONAL_OFFER,LINKEDIN_EMAIL,COMPARISON_GUIDE
75.71918363210196,83.58028432357045,75.0,0.8840391946592184,80.25625259720239,86.09401303710273,Product Defect,RELIABILITY_MESSAGING,LINKEDIN_EMAIL,WHITE_PAPER
73.14163151384767,98.88714921076753,100.0,0.7932447198057963,86.78422365793168,5.371628641697328,Price Increase,PROMOTIONAL_OFFER,LINKEDIN_EMAIL,COMPARISON_GUIDE
56.06527134330076,89.34664102853112,100.0,0.8055562576410507,79.63887890908559,54.07033848119917,Layoffs,PRODUCT_AWARENESS,CONTENT_MARKETING,CASE_STUDY
83.98925236961955,98.30880236350119,75.0,0.8183455430594989,83.18862221253899,8.18717612562725,Data Breach,COMPETITOR_SWITCHING,LINKEDIN_EMAIL,COMPARISON_GUIDE
68.5387239227808,80.93937632865584,50.0,0.7288423752655386,67.34048889038756,101.50548092349693,Product Defect,RELIABILITY_MESSAGING,CONTENT_MARKETING,WHITE_PAPER
83.7746653582362,72.81196170417743,50.0,0.851472130462675,71.06055038094506,152.2991688765121,PR Crisis,RETENTION_DEFENSE,CONTENT_MARKETING,CASE_STUDY
63.720347191651236,76.16471429063317,75.0,0.8680211293798039,72.22299867408418,130.69051084617905,Layoffs,PRODUCT_AWARENESS,CONTENT_MARKETING,CASE_STUDY
83.65334751726651,86.971194615501,75.0,0.9862011726503684,86.03240753823202,67.0047448951514,Data Breach,COMPETITOR_SWITCHING,LINKEDIN_EMAIL,COMPARISON_GUIDE
71.75471252447853,94.55942492470986,50.0,0.9120124395227827,73.17579265890909,26.85202269133157,Product Defect,RELIABILITY_MESSAGING,CONTENT_MARKETING,WHITE_PAPER
81.17012227176573,92.52258925058942,100.0,0.830117710554044,89.76056704678622,37.30433432120618,Price Increase,PROMOTIONAL_OFFER,LINKEDIN_EMAIL,COMPARISON_GUIDE
70.82307495155179,95.34684536300789,50.0,0.8351323398245802,72.5532815558542,22.871490865314648,Layoffs,PRODUCT_AWARENESS,CONTENT_MARKETING,CASE_STUDY
69.71705755550052,93.03687129938345,100.0,0.9475176631834931,87.14377082100532,34.64366679445465,Product Defect,RELIABILITY_MESSAGING,CONTENT_MARKETING,WHITE_PAPER
61.177020453614766,96.14280458682842,75.0,0.8424433028446398,76.65286950154267,18.88106498111937,Product Defect,RELIABILITY_MESSAGING,CONTENT_MARKETING,WHITE_PAPER
75.68058519705117,89.47615041262272,75.0,0.95235719453262,82.30841865011702,53.37507458634903,Price Increase,PROMOTIONAL_OFFER,LINKEDIN_EMAIL,COMPARISON_GUIDE
87.62827279048264,96.95581006356836,50.0,0.9819584715459136,81.27927325522194,14.839141267945251,Data Breach,COMPETITOR_SWITCHING,LINKEDIN_EMAIL,COMPARISON_GUIDE
66.35198765096295,75.66002392553469,50.0,0.8789133853818483,65.12580567921464,133.88172026827357,Product Defect,RELIABILITY_MESSAGING,CONTENT_MARKETING,WHITE_PAPER
64.24065807706613,97.51248032036581,100.0,0.8860482730290031,81.21037464787187,12.091110187299966,Product Defect,RELIABILITY_MESSAGING,CONTENT_MARKETING,WHITE_PAPER
74.19108078043818,98.14287694258647,100.0,0.8273488882604986,92.11149986180234,8.998003717012235,Price Increase,PROMOTIONAL_OFFER,LINKEDIN_EMAIL,COMPARISON_GUIDE
62.620056988068164,79.59303534577523,100.0,0.8344584694417184,77.41435039864312,109.55692445846991,Layoffs,PRODUCT_AWARENESS,CONTENT_MARKETING,CASE_STUDY
80.24353563208282,98.23619986579904,50.0,0.9824325690470637,75.82095005604451,8.541794152916982,PR Crisis,PROMOTIONAL_OFFER,CONTENT_MARKETING,CASE_STUDY
67.46364294703093,81.64365630753413,75.0,0.8388482239469413,75.45786037452196,97.34691039010643,Product Defect,RELIABILITY_MESSAGING,CONTENT_MARKETING,WHITE_PAPER
85.45321956246353,99.70971293327212,100.0,0.9554641859882135,93.72936543388798,1.3954042406211409,System Outage,COMPETITOR_SWITCHING,LINKEDIN_EMAIL,COMPARISON_GUIDE
90.15537983437507,85.6568410529328,100.0,0.8428612676622841,91.68406295967091,74.31412426522486,Data Breach,COMPETITOR_SWITCHING,LINKEDIN_EMAIL,COMPARISON_GUIDE
56.343993482775375,69.47514213394325,75.0,0.9695950581962589,62.41248732432578,174.8165589758392,Layoffs,PRODUCT_AWARENESS,CONTENT_MARKETING,CASE_STUDY
71.70476345110814,88.37384531434377,75.0,0.8878777519228183,77.1587767929488,59.325181251221736,Product Defect,RELIABILITY_MESSAGING,CONTENT_MARKETING,WHITE_PAPER
94.23385387608246,99.48237687338568,75.0,0.6798218063718804,92.45874161346245,2.491043693270993,Data Breach,COMPETITOR_SWITCHING,LINKEDIN_EMAIL,COMPARISON_GUIDE
68.65491726792588,84.89042765576492,50.0,0.7933899284142378,66.50474747554775,78.62824679383309,Product Defect,RELIABILITY_MESSAGING,CONTENT_MARKETING,WHITE_PAPER
89.44667315721335,95.96692635053259,50.0,0.7782686218147833,80.92346621141796,19.75995410970512,Data Breach,COMPETITOR_SWITCHING,LINKEDIN_EMAIL,COMPARISON_GUIDE
91.12482905288138,99.4748222162068,100.0,0.6174409424542686,95.54273417277098,2.5274961108180007,System Outage,COMPETITOR_SWITCHING,LINKEDIN_EMAIL,COMPARISON_GUIDE
69.80728089578014,92.72893574648533,100.0,0.7194979347631243,86.24592778320881,36.2350167110623,PR Crisis,PRODUCT_AWARENESS,CONTENT_MARKETING,CASE_STUDY
69.06965384300294,84.89987835206028,50.0,0.8014797289427408,69.00963343316067,78.57481224467512,PR Crisis,PRODUCT_AWARENESS,SOCIAL_ONLY,COMPARISON_GUIDE
67.70454844890504,95.6191781862319,50.0,0.7944319704669485,74.16375864809906,21.502453155535484,Product Defect,PROMOTIONAL_OFFER,CONTENT_MARKETING,WHITE_PAPER
70.67464286414436,99.41819736963079,100.0,0.8422701063988088,87.26338250065227,2.800808137026203,PR Crisis,PRODUCT_AWARENESS,CONTENT_MARKETING,CASE_STUDY
60.27126969651609,90.25024158795803,100.0,0.8986596953347975,82.23037038879788,49.240277713825265,Layoffs,PRODUCT_AWARENESS,CONTENT_MARKETING,CASE_STUDY
68.37206321423439,79.76871898913193,75.0,0.769822638485862,72.27457050772726,108.49860047947789,Product Defect,RELIABILITY_MESSAGING,CONTENT_MARKETING,WHITE_PAPER
62.666074046921615,89.44097629654843,50.0,0.8098878282491491,67.93175707652901,53.56380527126122,Product Defect,RELIABILITY_MESSAGING,CONTENT_MARKETING,WHITE_PAPER
69.864982726665,84.03587082618299,100.0,0.7617064137175704,82.49517588986578,83.48469343327679,Layoffs,PRODUCT_AWARENESS,CONTENT_MARKETING,CASE_STUDY
71.09900435441268,89.47131593519457,100.0,0.9564459923231232,84.52759566251632,53.40101012165931,PR Crisis,PRODUCT_AWARENESS,CONTENT_MARKETING,CASE_STUDY
93.96842598190335,61.23925239533049,50.0,0.9214363096087015,74.61838651479268,235.38327506724198,System Outage,COMPETITOR_SWITCHING,LINKEDIN_EMAIL,COMPARISON_GUIDE
72.95156703685251,93.88953311177535,50.0,0.9069857727664129,69.71919503936317,30.26461173366763,PR Crisis,PRODUCT_AWARENESS,CONTENT_MARKETING,CASE_STUDY
78.83327744645717,94.57548490461338,50.0,0.9070169623089065,71.13965603384972,26.77050637708613,Product Defect,RELIABILITY_MESSAGING,WEBINAR_EVENT,WHITE_PAPER
93.13840473531039,76.14975416561037,75.0,0.8849850549631169,84.45637828581864,130.78480077289205,System Outage,COMPETITOR_SWITCHING,LINKEDIN_EMAIL,COMPARISON_GUIDE
97.71414175635338,92.19760520565492,100.0,0.7738146895408962,95.39094798732077,38.99329424216115,System Outage,COMPETITOR_SWITCHING,LINKEDIN_EMAIL,COMPARISON_GUIDE
91.13670277364588,81.81860687847706,100.0,0.9164153449490088,90.09405143704006,96.31944014124466,System Outage,COMPETITOR_SWITCHING,LINKEDIN_EMAIL,COMPARISON_GUIDE
79.47361757323569,89.32841127794961,75.0,0.9833779289240909,84.13444765610369,54.16828478312024,PR Crisis,PRODUCT_AWARENESS,CONTENT_MARKETING,CASE_STUDY
68.67810998622873,94.54941951530445,100.0,0.9925439127016847,87.67200519041556,26.902814567653305,Layoffs,RETENTION_DEFENSE,CONTENT_MARKETING,CASE_STUDY
91.17069954956848,97.46727119293614,75.0,0.7659887408318283,89.7234514763832,12.313701316755225,System Outage,COMPETITOR_SWITCHING,LINKEDIN_EMAIL,COMPARISON_GUIDE
100.0,97.56207092423244,100.0,0.9056162320067199,100.0,11.847065126405228,System Outage,COMPETITOR_SWITCHING,LINKEDIN_EMAIL,COMPARISON_GUIDE
76.62718429716905,99.5406521446096,100.0,0.7822519227099708,93.01230717284382,2.209949277967323,PR Crisis,PRODUCT_AWARENESS,CONTENT_MARKETING,CASE_STUDY
98.89674501952666,96.04604780593387,50.0,0.8468784384497965,82.73898213771955,19.364373541163058,System Outage,COMPETITOR_SWITCHING,LINKEDIN_EMAIL,COMPARISON_GUIDE
69.88711029452791,99.15240392612678,75.0,0.7643318065052449,84.02340346992864,4.085801265352876,Product Defect,RELIABILITY_MESSAGING,CONTENT_MARKETING,WHITE_PAPER
68.59772214498767,96.5520410185425,50.0,0.8651583856976864,71.84292236362664,16.842258162669257,PR Crisis,PRODUCT_AWARENESS,CONTENT_MARKETING,CASE_STUDY
90.38572392941563,99.48401480358336,100.0,0.8647768379824866,97.87532508786258,2.483140785767029,Data Breach,COMPETITOR_SWITCHING,LINKEDIN_EMAIL,COMPARISON_GUIDE
90.06249660953625,99.28338616564267,100.0,1.0,96.20262332735602,3.4521304535549406,Data Breach,COMPETITOR_SWITCHING,LINKEDIN_EMAIL,COMPARISON_GUIDE
71.01093125831332,95.9160469500292,100.0,0.8361758610082828,88.72302689800745,20.0145062713056,PR Crisis,PRODUCT_AWARENESS,CONTENT_MARKETING,CASE_STUDY
72.20653575849623,96.58734449742012,100.0,0.7913475042312003,91.66193616285187,16.6667820938735,Product Defect,RELIABILITY_MESSAGING,CONTENT_MARKETING,WHITE_PAPER
66.2240968694727,79.41181939848319,50.0,0.9010928134914482,67.42942121750835,110.65102554740612,Layoffs,PRODUCT_AWARENESS,CONTENT_MARKETING,CASE_STUDY
71.83809920104855,96.55352103620078,75.0,0.8618471535838621,81.50658880563383,16.834900441136686,Product Defect,PROMOTIONAL_OFFER,CONTENT_MARKETING,COMPARISON_GUIDE
59.31156271724633,90.44453214057212,75.0,0.8309511650950356,73.44999022357672,48.20804530033692,Layoffs,PRODUCT_AWARENESS,CONTENT_MARKETING,CASE_STUDY
85.47692812503116,89.63904514246481,100.0,0.9438205476213956,87.14248388191415,52.50201083943125,Data Breach,COMPETITOR_SWITCHING,SOCIAL_ONLY,COMPARISON_GUIDE
78.54359336758965,98.56503491494509,50.0,0.8685156738020458,77.27992689697092,6.937729314011156,PR Crisis,PRODUCT_AWARENESS,CONTENT_MARKETING,CASE_STUDY
88.92166181226183,87.76203228887758,50.0,0.780163112763704,76.14216509875008,62.659782211703536,Data Breach,PRODUCT_AWARENESS,LINKEDIN_EMAIL,COMPARISON_GUIDE
71.38361486294158,99.99969280729968,50.0,0.7766980719549019,76.26423938957753,0.001474527226358856,Product Defect,RELIABILITY_MESSAGING,CONTENT_MARKETING,WHITE_PAPER
85.85099354598302,72.89607735625584,50.0,0.8607437197798234,72.42603613286842,151.74497134913875,Price Increase,PROMOTIONAL_OFFER,SOCIAL_ONLY,SOCIAL_CAMPAIGN
88.82989807219633,99.11501089638892,75.0,0.6778093164312655,89.51937378880108,4.266856276364646,PR Crisis,PRODUCT_AWARENESS,CONTENT_MARKETING,CASE_STUDY
87.1925338877907,97.2891172270803,50.0,0.9702735862743199,78.49797528220111,13.19186431984295,System Outage,COMPETITOR_SWITCHING,LINKEDIN_EMAIL,COMPARISON_GUIDE
66.90463631741396,98.98875298311485,75.0,0.963482507611843,73.98286310882987,4.8786952984038265,Product Defect,RELIABILITY_MESSAGING,CONTENT_MARKETING,WHITE_PAPER
86.38482693044094,96.1181298019532,75.0,0.8770418784881366,84.25393876130208,19.00427146446233,Price Increase,PROMOTIONAL_OFFER,LINKEDIN_EMAIL,COMPARISON_GUIDE
66.83698627156339,89.43760630957861,100.0,0.7577319591523233,85.8407054862284,53.581891212262526,PR Crisis,COMPETITOR_SWITCHING,CONTENT_MARKETING,CASE_STUDY
96.69276438142957,98.63599185721607,100.0,0.7749659538770881,100.0,6.5923017640895685,System Outage,COMPETITOR_SWITCHING,LINKEDIN_EMAIL,COMPARISON_GUIDE
73.5144089929756,88.63872735188234,75.0,0.8925604959057554,79.22070392524898,57.88863388055502,Product Defect,RELIABILITY_MESSAGING,CONTENT_MARKETING,WHITE_PAPER
88.80594062433687,90.79727262220125,75.0,0.849974906191058,84.3424601540716,46.33965025555022,Price Increase,PROMOTIONAL_OFFER,LINKEDIN_EMAIL,COMPARISON_GUIDE
61.30944180227307,90.84642935705006,50.0,0.8210829786644811,67.61059760422715,46.07985337796697,Product Defect,RELIABILITY_MESSAGING,CONTENT_MARKETING,WHITE_PAPER
79.73047575497131,91.56843163782239,100.0,0.7714157135698148,87.65611317968256,42.28013111154919,Price Increase,PROMOTIONAL_OFFER,LINKEDIN_EMAIL,COMPARISON_GUIDE
90.42642116746676,99.41454512963188,100.0,0.8656905167219126,94.18679542640426,2.818441804174194,Data Breach,COMPETITOR_SWITCHING,LINKEDIN_EMAIL,COMPARISON_GUIDE
82.25519737473263,90.34371497876101,50.0,0.8706380784976945,78.94692198495696,48.74339251960262,Data Breach,COMPETITOR_SWITCHING,LINKEDIN_EMAIL,COMPARISON_GUIDE
69.90265650461451,97.13417262888485,50.0,0.9231017297108468,69.00985481712979,13.956931333514818,Product Defect,RELIABILITY_MESSAGING,CONTENT_MARKETING,WHITE_PAPER
97.94919489090341,95.56294224803634,50.0,0.8959256976715201,81.81024598518489,21.784835744985557,Data Breach,COMPETITOR_SWITCHING,LINKEDIN_EMAIL,COMPARISON_GUIDE
85.82003686956179,97.91560820726421,100.0,0.8902227541516156,97.2954188558579,10.110825146117447,PR Crisis,PRODUCT_AWARENESS,CONTENT_MARKETING,CASE_STUDY
83.53039456907565,99.78866020429517,50.0,0.8305854978550373,77.60039533693845,1.0155044803052493,Price Increase,PROMOTIONAL_OFFER,SOCIAL_ONLY,COMPARISON_GUIDE
79.22217152739083,86.4616675943936,50.0,0.7678904633867286,75.0873700347127,69.8251293444689,Price Increase,COMPETITOR_SWITCHING,SOCIAL_ONLY,COMPARISON_GUIDE
65.17647287124643,86.83479571318671,50.0,0.9802774843817857,62.60852799295813,67.75813074137906,Product Defect,RELIABILITY_MESSAGING,CONTENT_MARKETING,SOCIAL_CAMPAIGN
84.10779826569977,76.11520431755339,100.0,0.8084482902539099,85.79586484685377,131.002630633645,Data Breach,COMPETITOR_SWITCHING,LINKEDIN_EMAIL,COMPARISON_GUIDE
72.1415834618762,95.36527456366757,75.0,0.8561725196974174,79.60344494763217,22.778722599222437,Product Defect,RELIABILITY_MESSAGING,CONTENT_MARKETING,WHITE_PAPER
87.52822831071641,93.19201518211577,75.0,0.8866534491830959,83.50945342948769,33.84390814963538,Data Breach,COMPETITOR_SWITCHING,LINKEDIN_EMAIL,SOCIAL_CAMPAIGN
69.23333798397127,98.78412403068695,100.0,0.7150124522311432,86.90191280417605,5.871975405347272,PR Crisis,PROMOTIONAL_OFFER,CONTENT_MARKETING,CASE_STUDY
84.79978337216873,95.21965459696129,75.0,0.7932783233895607,88.89232800300901,23.512228631718823,Price Increase,PROMOTIONAL_OFFER,LINKEDIN_EMAIL,COMPARISON_GUIDE
62.37060162052398,84.53096820763187,50.0,0.8642200085014425,65.65258467634534,80.66507092842294,Layoffs,RETENTION_DEFENSE,CONTENT_MARKETING,WHITE_PAPER
72.5543149457416,73.40711657735227,75.0,0.8438045231419204,71.15327342430383,148.39166350696428,Product Defect,RELIABILITY_MESSAGING,CONTENT_MARKETING,WHITE_PAPER
77.25463774139607,94.99684651806406,75.0,0.9945757314910308,80.23416193438678,24.636714952893968,Product Defect,RELIABILITY_MESSAGING,WEBINAR_EVENT,WHITE_PAPER
63.19205709712204,95.14999083513958,75.0,0.8904772442764692,74.86527568457745,23.863530511712696,Layoffs,PRODUCT_AWARENESS,CONTENT_MARKETING,CASE_STUDY
80.82528033903301,81.42363460688907,50.0,0.9452438875474877,68.06510601679182,98.64220976996819,Product Defect,RELIABILITY_MESSAGING,WEBINAR_EVENT,WHITE_PAPER
69.59851657042151,85.00490830179514,75.0,0.7847026204366427,75.99716524464644,77.98136949020915,Layoffs,PRODUCT_AWARENESS,CONTENT_MARKETING,CASE_STUDY
84.30818062248972,95.07825651531618,50.0,0.8611248318922734,75.70527508418903,24.22554273257817,Price Increase,PROMOTIONAL_OFFER,SOCIAL_ONLY,COMPARISON_GUIDE
92.7985160644622,98.37120084345663,50.0,1.0,78.85879079402388,7.882607578798405,System Outage,COMPETITOR_SWITCHING,WEBINAR_EVENT,COMPARISON_GUIDE
92.52794620917938,83.83819898277373,75.0,0.9691290486662631,84.57091565976583,84.61509467745026,Data Breach,COMPETITOR_SWITCHING,LINKEDIN_EMAIL,COMPARISON_GUIDE
60.84364613023845,90.53348534319821,50.0,0.889314356217616,67.63702476945213,47.73619196375449,Layoffs,PROMOTIONAL_OFFER,CONTENT_MARKETING,CASE_STUDY
75.97740865776646,98.68093629130563,100.0,0.8420923839008555,91.1143984735192,6.373634983306866,PR Crisis,PRODUCT_AWARENESS,CONTENT_MARKETING,CASE_STUDY
85.93234825316883,99.58964970568496,75.0,0.8848780311600036,81.68534204253365,1.973733799235188,Data Breach,COMPETITOR_SWITCHING,LINKEDIN_EMAIL,COMPARISON_GUIDE
73.41034745031315,89.44461086233413,50.0,0.8600942322929573,73.95584741522049,53.54430016070331,Product Defect,RELIABILITY_MESSAGING,CONTENT_MARKETING,WHITE_PAPER
89.58309927780768,74.03408520970562,75.0,0.7960052784967558,79.7373132959047,144.30940218749288,Data Breach,COMPETITOR_SWITCHING,LINKEDIN_EMAIL,COMPARISON_GUIDE
84.95776651102366,95.31745616280537,50.0,0.7834350956120114,77.84163258708965,23.019466297485668,PR Crisis,PRODUCT_AWARENESS,CONTENT_MARKETING,CASE_STUDY
77.052163080038,79.239827960188,50.0,0.746589972227819,68.52847649381722,111.69174493604149,Price Increase,PROMOTIONAL_OFFER,SOCIAL_ONLY,SOCIAL_CAMPAIGN
66.96322783393894,84.21887757669946,100.0,0.8438223163821563,82.70263611088127,82.44052349783702,Product Defect,RELIABILITY_MESSAGING,CONTENT_MARKETING,WHITE_PAPER
86.04173908786781,95.73781713829405,75.0,0.8702055076797298,88.40710487182315,20.907265044541933,Price Increase,PROMOTIONAL_OFFER,LINKEDIN_EMAIL,COMPARISON_GUIDE
67.22099163645336,85.77560168120155,75.0,0.9381058366188609,72.07788347367647,73.64907965897736,Layoffs,PRODUCT_AWARENESS,CONTENT_MARKETING,CASE_STUDY
98.73369468754173,72.84183464312751,100.0,1.0,93.12410251251474,152.1022771887335,Data Breach,COMPETITOR_SWITCHING,LINKEDIN_EMAIL,COMPARISON_GUIDE
82.86872210502207,91.87221152624909,50.0,0.7478956466769331,78.50995188947412,40.69035823218588,Price Increase,RETENTION_DEFENSE,SOCIAL_ONLY,COMPARISON_GUIDE
67.7711235197302,92.8571347855651,100.0,0.9056321979640238,82.68357282405614,35.571868357636404,Layoffs,RETENTION_DEFENSE,CONTENT_MARKETING,SOCIAL_CAMPAIGN
69.44245586428528,98.23211880872252,50.0,0.7856026815317951,71.21225182071873,8.561735356773456,Product Defect,RELIABILITY_MESSAGING,CONTENT_MARKETING,WHITE_PAPER
92.25916822015377,95.22846780666652,75.0,0.8397876254785448,86.85099235636685,23.467803508402945,System Outage,COMPETITOR_SWITCHING,CONTENT_MARKETING,COMPARISON_GUIDE
65.35275654998865,95.28920650732745,100.0,1.0,84.33232648278246,23.16174710277054,Price Increase,PROMOTIONAL_OFFER,LINKEDIN_EMAIL,CASE_STUDY
95.94555608301971,93.19644515706261,50.0,0.9856578302248692,85.13173336987289,33.82109141547688,System Outage,COMPETITOR_SWITCHING,LINKEDIN_EMAIL,COMPARISON_GUIDE
75.78346864123262,72.5157436775617,75.0,0.9318824515348275,78.775456765885,154.25591689380107,PR Crisis,PRODUCT_AWARENESS,CONTENT_MARKETING,CASE_STUDY
77.98198534558827,99.53451816903257,50.0,0.8136361825005245,75.615843034075,2.23952914243029,PR Crisis,PRODUCT_AWARENESS,CONTENT_MARKETING,CASE_STUDY
69.54300221245443,98.6928985627364,75.0,0.8435297201707631,76.64986061888935,6.315452090948828,Product Defect,RELIABILITY_MESSAGING,CONTENT_MARKETING,WHITE_PAPER
70.59800131333552,95.66301191581755,100.0,0.928225243974896,82.72681021639882,21.282462046502538,Product Defect,RELIABILITY_MESSAGING,CONTENT_MARKETING,WHITE_PAPER
75.76795171658463,94.84776434877935,50.0,0.9609079517810275,68.47971463258024,25.3905889305593,Product Defect,RELIABILITY_MESSAGING,WEBINAR_EVENT,WHITE_PAPER
88.38281066227698,99.75731633928756,50.0,0.7691521424056869,79.24988237908059,1.166297351081043,Data Breach,COMPETITOR_SWITCHING,SOCIAL_ONLY,COMPARISON_GUIDE
82.65097599431675,96.28219652720679,100.0,0.9031941729841393,89.15738726826288,18.185644503555586,PR Crisis,RELIABILITY_MESSAGING,CONTENT_MARKETING,CASE_STUDY
92.16935705696216,98.98523672496734,75.0,0.8896959349890653,87.99268041513974,4.8957460626326945,System Outage,COMPETITOR_SWITCHING,LINKEDIN_EMAIL,COMPARISON_GUIDE
72.55749787680931,93.75803466226142,75.0,1.0,77.85542642306773,30.937354437958618,Product Defect,RELIABILITY_MESSAGING,CONTENT_MARKETING,WHITE_PAPER
73.43908761236109,85.85404013689552,50.0,0.8536178167199986,70.23424288977526,73.2103388802214,Price Increase,PROMOTIONAL_OFFER,SOCIAL_ONLY,SOCIAL_CAMPAIGN
77.49107903594233,94.86571281646958,75.0,0.7402027561692719,80.76129872903135,25.299764971758417,Price Increase,RETENTION_DEFENSE,LINKEDIN_EMAIL,COMPARISON_GUIDE
75.38950869726662,87.69930573941032,100.0,0.9869632227214313,82.97032218107323,63.00297741772765,Product Defect,RELIABILITY_MESSAGING,WEBINAR_EVENT,WHITE_PAPER
92.17385032278446,81.76606708609158,75.0,0.8880344546021298,84.21879571230545,96.62777099646476,Data Breach,COMPETITOR_SWITCHING,SOCIAL_ONLY,COMPARISON_GUIDE
63.168791512609104,98.50323249295302,75.0,0.9523614935808127,72.88484867422142,7.238794157366377,Layoffs,PRODUCT_AWARENESS,CONTENT_MARKETING,CASE_STUDY
82.51372403745407,56.76480115318052,75.0,0.6505383343735938,73.33182820665154,271.8018001730614,Price Increase,COMPETITOR_SWITCHING,LINKEDIN_EMAIL,COMPARISON_GUIDE
85.85801272603176,95.08316387706468,75.0,0.8034574373286356,83.02039432471416,24.20076868918974,Data Breach,RELIABILITY_MESSAGING,LINKEDIN_EMAIL,COMPARISON_GUIDE
79.0103113550766,94.72469625685638,50.0,1.0,77.30693325155791,26.013809120168318,Price Increase,PROMOTIONAL_OFFER,SOCIAL_ONLY,COMPARISON_GUIDE
66.33727987822823,91.78637325683302,75.0,0.8417255020567773,74.09271852328791,41.13904264700386,PR Crisis,PRODUCT_AWARENESS,CONTENT_MARKETING,CASE_STUDY
90.4792175090458,97.66901681310517,50.0,0.9775553913399357,82.90174092753728,11.321185437995522,Price Increase,PROMOTIONAL_OFFER,SOCIAL_ONLY,COMPARISON_GUIDE
76.87950643837145,92.03633445419787,50.0,0.9203533632909923,71.20795075763843,39.833638650082676,Price Increase,PROMOTIONAL_OFFER,SOCIAL_ONLY,SOCIAL_CAMPAIGN
100.0,87.56296512596937,50.0,0.8750505712010525,80.744599250055,63.74978398744617,System Outage,COMPETITOR_SWITCHING,LINKEDIN_EMAIL,COMPARISON_GUIDE
87.20752171084735,98.58090160333064,50.0,0.8074836358912628,76.32156031460723,6.860466646811223,PR Crisis,PRODUCT_AWARENESS,CONTENT_MARKETING,CASE_STUDY
96.7335498880246,96.65776359261312,100.0,1.0,97.68727598644237,16.316955207978456,System Outage,COMPETITOR_SWITCHING,LINKEDIN_EMAIL,COMPARISON_GUIDE
88.86056009224669,96.6924500268313,75.0,0.9012434348059819,87.29811544826043,16.144734155912783,Data Breach,COMPETITOR_SWITCHING,LINKEDIN_EMAIL,COMPARISON_GUIDE
69.4343597374213,99.04583600984353,100.0,0.7460626909243341,89.19268630451178,4.601977440902717,Product Defect,RELIABILITY_MESSAGING,CONTENT_MARKETING,WHITE_PAPER
100.0,94.90272685165519,100.0,0.9266708655873633,98.57414000919871,25.11251848182081,System Outage,COMPETITOR_SWITCHING,CONTENT_MARKETING,COMPARISON_GUIDE
81.14537344102851,80.14538517378402,75.0,0.9359454410172449,81.50794276315077,106.23738526094422,Price Increase,PROMOTIONAL_OFFER,LINKEDIN_EMAIL,COMPARISON_GUIDE
96.95835307807636,94.53929634795249,100.0,0.8756628580746146,97.53323402282803,26.954209705765134,System Outage,COMPETITOR_SWITCHING,LINKEDIN_EMAIL,COMPARISON_GUIDE
83.64969455643984,96.91784746239976,50.0,0.8729564683441366,76.2765278619225,15.02711986211173,Data Breach,COMPETITOR_SWITCHING,LINKEDIN_EMAIL,COMPARISON_GUIDE
86.25392191455539,96.40730465706255,100.0,1.0,96.08643828691773,17.562342139907393,Data Breach,PROMOTIONAL_OFFER,LINKEDIN_EMAIL,COMPARISON_GUIDE
100.0,99.15266081207177,50.0,0.7521683984355548,81.76750540782326,4.084557673780906,System Outage,COMPETITOR_SWITCHING,LINKEDIN_EMAIL,COMPARISON_GUIDE
65.47062133894639,96.72409736024818,75.0,0.9491667205153249,76.91301838744948,15.987656383810148,Layoffs,PRODUCT_AWARENESS,CONTENT_MARKETING,CASE_STUDY
70.34189666847008,76.34266753228806,75.0,0.8983296711670814,73.32484934564641,129.57033431780619,Layoffs,PRODUCT_AWARENESS,LINKEDIN_EMAIL,CASE_STUDY
79.99709516338956,92.02159915694523,100.0,0.9507386591829439,91.89819955324086,39.91049426350401,PR Crisis,PRODUCT_AWARENESS,CONTENT_MARKETING,CASE_STUDY
75.13310580986483,80.91101343636271,100.0,0.9305706669178527,83.77327461653185,101.6737126893868,Price Increase,PROMOTIONAL_OFFER,LINKEDIN_EMAIL,COMPARISON_GUIDE
72.25445687606258,97.53785372800944,100.0,1.0,88.16450450674283,11.966227184181177,Product Defect,RELIABILITY_MESSAGING,CONTENT_MARKETING,WHITE_PAPER
93.9106500076573,86.70020428364906,100.0,0.7867280494665957,91.96082852773866,68.50269407595798,Data Breach,COMPETITOR_SWITCHING,CONTENT_MARKETING,COMPARISON_GUIDE
86.53659192244531,97.6741706841782,100.0,0.8527221928857786,94.13963317791169,11.295857110478003,System Outage,COMPETITOR_SWITCHING,LINKEDIN_EMAIL,COMPARISON_GUIDE
64.10453357491922,85.87512376487119,50.0,0.8816655824876738,67.92458731194176,73.09247722819629,Layoffs,PRODUCT_AWARENESS,CONTENT_MARKETING,CASE_STUDY
75.27206056109706,71.38494195397116,100.0,0.7711356953065739,80.95599661477259,161.7999532260758,Product Defect,RELIABILITY_MESSAGING,WEBINAR_EVENT,WHITE_PAPER
95.9738143093847,91.79789080554137,75.0,0.9215717750059098,88.47330083450156,41.07881500804471,Data Breach,COMPETITOR_SWITCHING,LINKEDIN_EMAIL,CASE_STUDY
72.69537530674171,96.32674056781345,50.0,1.0,71.08038685850275,17.96362843104252,Price Increase,PROMOTIONAL_OFFER,SOCIAL_ONLY,SOCIAL_CAMPAIGN
60.82838477254209,94.93534692455485,75.0,0.9111223825258288,73.64536806989831,24.947560685584413,Layoffs,PRODUCT_AWARENESS,CONTENT_MARKETING,CASE_STUDY
86.80861517151426,85.81602766333344,50.0,0.8311224010231223,76.95662578823581,73.42290928159423,Data Breach,COMPETITOR_SWITCHING,SOCIAL_ONLY,COMPARISON_GUIDE
97.1077304176828,82.9310242859562,75.0,0.8713454717036321,83.20602374415212,89.83725906716026,System Outage,COMPETITOR_SWITCHING,CONTENT_MARKETING,COMPARISON_GUIDE
59.21510762428854,99.35742069867801,50.0,0.7708033765958389,68.42325403930636,3.0943330999961582,Layoffs,PRODUCT_AWARENESS,CONTENT_MARKETING,COMPARISON_GUIDE
85.94499568185577,84.7506054075724,50.0,0.7608762839870405,74.0484957411184,79.41950222441487,Data Breach,COMPETITOR_SWITCHING,LINKEDIN_EMAIL,CASE_STUDY
73.58641790579388,82.22706589591104,75.0,0.8826442277469404,77.70428207563819,93.9291212718386,Product Defect,RELIABILITY_MESSAGING,CONTENT_MARKETING,WHITE_PAPER
67.22386903915798,74.81992400802159,50.0,0.7839477053758286,62.06673205265669,139.24126691163812,Layoffs,PRODUCT_AWARENESS,CONTENT_MARKETING,CASE_STUDY
71.14887112260969,93.29248306761893,100.0,0.8628391699178783,90.87235544812404,33.32671138357891,Layoffs,PRODUCT_AWARENESS,CONTENT_MARKETING,CASE_STUDY
93.19980365621508,85.03144637536573,50.0,0.7917538321715742,77.53155700685937,77.83153946778255,System Outage,COMPETITOR_SWITCHING,LINKEDIN_EMAIL,COMPARISON_GUIDE
66.7032706820607,89.7121653430273,50.0,0.9085104202059994,69.7758019982354,52.11062571167493,Layoffs,PRODUCT_AWARENESS,CONTENT_MARKETING,CASE_STUDY
89.28926731529727,82.23821265365059,100.0,0.8770949854337352,91.19100863256195,93.86405655093994,Data Breach,COMPETITOR_SWITCHING,LINKEDIN_EMAIL,COMPARISON_GUIDE
61.39018336437435,87.33045427046207,75.0,0.7585584550341017,74.89552600039933,65.0260501474857,Layoffs,PRODUCT_AWARENESS,CONTENT_MARKETING,CASE_STUDY
69.67655697483741,99.45024940028094,50.0,0.8558299278412412,72.29824335393606,2.6460829898731784,Product Defect,RELIABILITY_MESSAGING,CONTENT_MARKETING,WHITE_PAPER
99.03258105331005,82.7693403187734,75.0,0.7604363097293465,86.15677480501658,90.77399000391384,Data Breach,COMPETITOR_SWITCHING,LINKEDIN_EMAIL,COMPARISON_GUIDE
90.89347358405237,97.92455335920465,100.0,0.948337182743764,95.91695717459459,10.066976398240106,Data Breach,RETENTION_DEFENSE,LINKEDIN_EMAIL,COMPARISON_GUIDE
99.03267335729667,91.14548918211662,50.0,0.9520312590399211,81.6532872303992,44.50232349210616,Data Breach,COMPETITOR_SWITCHING,LINKEDIN_EMAIL,COMPARISON_GUIDE
67.66679622352724,98.89237852493828,75.0,0.9171574803614724,80.1805339033588,5.3462461278316695,Layoffs,PRODUCT_AWARENESS,CONTENT_MARKETING,CASE_STUDY
74.68663645910439,88.74436760569043,50.0,0.9197757600058382,70.86779140296066,57.31690715727348,Product Defect,RELIABILITY_MESSAGING,CONTENT_MARKETING,WHITE_PAPER
67.1412697902197,94.89611896575616,50.0,0.8766086008259358,70.4707928606213,25.145941079509996,Product Defect,RELIABILITY_MESSAGING,CONTENT_MARKETING,SOCIAL_CAMPAIGN
70.9364777491161,90.50203888693798,50.0,0.7766943264741264,68.85136135813526,47.90294707130487,Product Defect,RELIABILITY_MESSAGING,CONTENT_MARKETING,WHITE_PAPER
79.29812470547331,86.12328958362583,75.0,0.8746090134551356,78.0110660567329,71.70735194310106,Price Increase,PROMOTIONAL_OFFER,LINKEDIN_EMAIL,COMPARISON_GUIDE
93.48519311562849,99.89232680998732,100.0,0.8839253489214761,97.44066938572907,0.5171097563323859,System Outage,COMPETITOR_SWITCHING,CONTENT_MARKETING,COMPARISON_GUIDE
82.82045238065736,95.87035115178737,75.0,0.7447347346857994,78.94473081595287,20.243239735078088,Data Breach,COMPETITOR_SWITCHING,LINKEDIN_EMAIL,COMPARISON_GUIDE
99.71272614226736,80.90009120688646,50.0,1.0,83.7709503202051,101.7385125703112,System Outage,COMPETITOR_SWITCHING,LINKEDIN_EMAIL,COMPARISON_GUIDE
64.09275465376241,89.69002370092812,100.0,0.8414930397974948,79.43725337484982,52.22910797009328,Layoffs,PRODUCT_AWARENESS,CONTENT_MARKETING,CASE_STUDY
98.72935668067578,94.6625801345341,100.0,0.8002372155556494,99.05599187897826,26.328674409452166,Data Breach,COMPETITOR_SWITCHING,LINKEDIN_EMAIL,COMPARISON_GUIDE
77.48436795253798,94.71524185573284,75.0,0.935581716398708,78.59758197492344,26.06171995236433,PR Crisis,PRODUCT_AWARENESS,CONTENT_MARKETING,SOCIAL_CAMPAIGN
88.57248151514443,86.98114927544182,75.0,0.688520970848909,84.31346488060909,66.94980758680673,Data Breach,PROMOTIONAL_OFFER,LINKEDIN_EMAIL,COMPARISON_GUIDE
93.96587844109338,95.85681912157855,50.0,0.8402354294302978,78.52518325739896,20.310996167322518,Data Breach,COMPETITOR_SWITCHING,LINKEDIN_EMAIL,COMPARISON_GUIDE
77.95682043731665,99.9977293858255,75.0,0.7928255458407655,84.72460680070193,0.01089907177600673,Price Increase,PROMOTIONAL_OFFER,LINKEDIN_EMAIL,COMPARISON_GUIDE
81.6083927068825,94.52499021814033,100.0,0.8634447844773456,91.06865571644602,27.026851053823574,Price Increase,PROMOTIONAL_OFFER,LINKEDIN_EMAIL,COMPARISON_GUIDE
89.79076227279735,95.80083870085,75.0,0.9643086166250854,84.20829225528972,20.591398244851277,System Outage,COMPETITOR_SWITCHING,LINKEDIN_EMAIL,COMPARISON_GUIDE
92.07036163341122,99.63826581107874,50.0,0.8763285422968103,81.50664863032702,1.7394721397516153,System Outage,COMPETITOR_SWITCHING,LINKEDIN_EMAIL,COMPARISON_GUIDE
87.73103757417958,85.03119877474545,75.0,0.7946199736587283,79.1639283772633,77.8329371679963,Data Breach,COMPETITOR_SWITCHING,WEBINAR_EVENT,COMPARISON_GUIDE
90.51719064654053,82.0657617842396,100.0,1.0,90.40174693406715,94.87165783382717,Data Breach,COMPETITOR_SWITCHING,LINKEDIN_EMAIL,COMPARISON_GUIDE
82.52107141414962,63.79172012197347,50.0,0.8757665848613588,67.12376059435468,215.7824557016537,PR Crisis,PRODUCT_AWARENESS,CONTENT_MARKETING,CASE_STUDY
75.93492813869935,92.5607899468856,100.0,0.9158623932542164,88.71903053697754,37.10619298013001,Price Increase,PROMOTIONAL_OFFER,LINKEDIN_EMAIL,COMPARISON_GUIDE
67.18653987779884,95.84858014583322,50.0,0.9031762196266487,69.5233483201349,20.35225435175863,Product Defect,RELIABILITY_MESSAGING,CONTENT_MARKETING,COMPARISON_GUIDE
95.00912426840969,99.99401900215368,75.0,0.8101943329291834,88.37427617580592,0.028709648232618512,Data Breach,COMPETITOR_SWITCHING,LINKEDIN_EMAIL,COMPARISON_GUIDE
76.05076280475373,97.37498395329928,50.0,0.7083145157529527,75.57588506872769,12.768406363205415,Price Increase,PROMOTIONAL_OFFER,SOCIAL_ONLY,COMPARISON_GUIDE
60.84427560830825,81.16624499102026,100.0,0.7517244934987389,78.6557480506249,100.16194911818565,Product Defect,RELIABILITY_MESSAGING,CONTENT_MARKETING,WHITE_PAPER
79.58005159895545,96.07211913840082,100.0,0.8379743631782502,90.00026395472969,19.234097057059543,PR Crisis,PRODUCT_AWARENESS,CONTENT_MARKETING,CASE_STUDY
89.78711152664712,98.22131041119768,75.0,0.7562212997250688,87.11164666567203,8.614552259362133,System Outage,COMPETITOR_SWITCHING,LINKEDIN_EMAIL,COMPARISON_GUIDE
76.4431607544919,90.41498012467325,100.0,0.8644850194216865,90.30831441383086,48.364907027763195,PR Crisis,PRODUCT_AWARENESS,WEBINAR_EVENT,CASE_STUDY
67.93082900196391,98.16801979175787,75.0,0.8170068945426816,82.26247041083286,8.87505009733016,Layoffs,PRODUCT_AWARENESS,CONTENT_MARKETING,CASE_STUDY
75.34318524213857,76.10755062770907,100.0,0.8368531835291687,83.3937259913165,131.05089899049722,PR Crisis,PRODUCT_AWARENESS,WEBINAR_EVENT,CASE_STUDY
65.03320650209025,95.37730460522297,100.0,0.7687296938408017,86.49196119909416,22.718175866768572,Product Defect,RETENTION_DEFENSE,CONTENT_MARKETING,WHITE_PAPER
53.83360590322118,98.27298428507687,50.0,0.7785769987606492,67.04256657527372,8.36209240985716,Layoffs,PRODUCT_AWARENESS,CONTENT_MARKETING,CASE_STUDY
65.17356874376281,85.28430691866882,50.0,0.6925196629249557,68.23547662319149,76.40626731749352,Layoffs,PROMOTIONAL_OFFER,CONTENT_MARKETING,CASE_STUDY
76.50263429298003,98.32091472869195,75.0,0.781480141007264,82.79266888929627,8.128040249474868,Product Defect,RELIABILITY_MESSAGING,WEBINAR_EVENT,WHITE_PAPER
